id,timestamp,aqi,temperature,humidity,wind_speed,weather_main,pm2_5,pm10,co,no2
54,2025-07-10 15:11:26+00:00,60.02,-0.7550635353647672,-0.178504722497772,-0.31916510990377667,Clouds,-1.1884054756257172,-1.5682240195917174,-0.4326184314428912,0.598066359087002
26,2025-07-07 03:49:44+00:00,56.19,-0.06557673709126936,0.290883895202702,-0.31916510990377667,Smoke,-1.2846103485114189,-1.0127403709673777,-0.9780408251877953,0.010513384125121502
99,2025-07-17 00:53:51+00:00,91.92,-1.099806934501516,1.699049748304124,-0.31916510990377667,Mist,-0.38652200217731436,-0.6770275116741631,1.335982675937198,0.5096571340143682
23,2025-07-06 18:12:26+00:00,90.81,-0.4103201362280183,0.760272512903176,0.696620368720907,Smoke,-0.4145377069187548,-0.24925318787373715,0.16952552990261485,0.9277590942537001
60,2025-07-11 09:12:03+00:00,94.57,0.9686534603189786,-1.6805482991392888,-1.3349505885284607,Smoke,-0.3199186286410593,-0.8549207175264437,-0.8833408966265127,-1.1885367309224781
116,2025-07-19 03:47:47+00:00,154.13,0.6239100611822285,-0.5540156166581512,-0.31916510990377667,Smoke,1.199801204031425,-0.07585922652744809,0.8983952138319463,-0.7943789358069845
56,2025-07-10 21:09:42+00:00,73.54,-1.099806934501516,0.6663947893630812,-0.31916510990377667,Smoke,-0.8485168313097495,-1.1650224927086297,0.07723614497743765,1.2077216403170412
125,2025-07-20 06:15:00+00:00,120.75,1.3133968594557275,-1.586670575599194,0.696620368720907,Clouds,0.2456814482144393,0.2733513662837411,-0.7560740315937656,-1.1038112235612036
113,2025-07-18 18:14:54+00:00,129.56,-0.4103201362280183,0.290883895202702,-1.8428433278408023,Smoke,0.43491960476983027,-0.4839060936477573,1.1304961296512357,0.9277590942537001
27,2025-07-07 06:16:00+00:00,53.59,0.9686534603189786,-0.5540156166581512,-0.31916510990377667,Smoke,-1.3501565256423365,-1.3757947930277716,-1.0325486282246272,0.07497844407391711
55,2025-07-10 18:14:15+00:00,68.54,-1.099806934501516,0.1970061716626072,-0.31916510990377667,Smoke,-0.9743232035448977,-1.3505298046479728,0.051999228950456895,1.1782518986261632
71,2025-07-12 15:09:28+00:00,132.79,0.6239100611822285,-0.178504722497772,-0.31916510990377667,Smoke,0.5041659693194285,-0.4441050845562937,-0.10193120038370078,-0.14236090089630826
83,2025-07-14 03:58:07+00:00,161.44,-0.06557673709126936,-0.178504722497772,-0.31916510990377667,Smoke,1.9477676608076213,0.4778939434407408,1.0377639918133044,-0.6949185576002712
131,2025-07-21 03:59:58+00:00,77.39,0.2791666620454795,-0.178504722497772,1.7124058473455912,Smoke,-0.7517833602213793,0.4768556562470504,-0.638252562033105,-0.1128911592054302
114,2025-07-18 21:10:05+00:00,145.64,-0.7550635353647672,0.6663947893630812,-1.8428433278408023,Smoke,0.780094231112485,-0.2527141451860384,1.4477531890235535,0.9001312114185018
46,2025-07-09 15:10:40+00:00,68.52,-0.7550635353647672,-0.178504722497772,-0.31916510990377667,Clouds,-0.9748518017475665,-0.47698417902315504,-0.7713244096997385,0.0510342789500789
88,2025-07-14 18:15:30+00:00,134.44,-1.099806934501516,0.6663947893630812,-0.31916510990377667,Smoke,0.5395820488982308,-0.5025952631341836,0.8394598816675746,0.07682030292959695
140,2025-07-22 00:53:40+00:00,69.02,-1.099806934501516,1.22966113060365,0.18379663193951323,Mist,-0.9621654448835179,-0.32885520605666446,-0.7216376939351175,-0.018956357565756546
5,2025-07-01 08:25:46+00:00,83.85,0.6239100611822285,-1.3050374049789095,1.7124058473455912,Smoke,-0.5895037120020914,0.013779567861152609,-0.8797988733244804,-0.86068585461146
143,2025-07-22 09:16:06+00:00,89.99,0.6239100611822285,-0.178504722497772,0.696620368720907,Smoke,-0.43515303682283374,-0.3908063419468556,-0.6818883213234207,-0.7041278518786706
18,2025-07-06 03:50:09+00:00,63.93,-1.444550333638265,2.2623160895446928,0.696620368720907,Thunderstorm,-1.090086209929341,-0.8372698352337078,-0.7920354070630111,-0.22708640825758256
39,2025-07-08 18:14:02+00:00,60.32,-0.4103201362280183,-0.178504722497772,-0.8319888466851705,Smoke,-1.1810051007883555,-1.3311484436990861,0.04024167937843279,0.9019730702741817
137,2025-07-21 15:11:39+00:00,67.24,-0.7550635353647672,0.1970061716626072,1.7124058473455912,Smoke,-1.0070962921103566,-1.0265842002165824,-0.41746644287308604,0.77856852694363
10,2025-07-04 13:46:34+00:00,140.05,1.3133968594557275,-0.08462699895767721,-0.31916510990377667,Smoke,0.6601024391066922,0.19028839078851262,1.171032618552273,1.7271258376187661
33,2025-07-08 00:50:25+00:00,58.49,-1.7892937327750138,1.699049748304124,-0.31916510990377667,Rain,-1.2269931444205318,-1.242547936504176,-0.20420712322988585,0.4341409209314932
3,2025-06-29 08:21:57+00:00,111.83,1.6581402585924765,-0.9295265108185304,0.18379663193951323,Smoke,0.054328898848373226,0.06569392754567031,-0.5991919161745811,-1.411401652459743
75,2025-07-13 03:55:37+00:00,164.83,-0.06557673709126936,-0.178504722497772,-0.8319888466851705,Smoke,2.2945280817582825,0.9710803604436591,0.8442317741717011,-0.31181191561885685
136,2025-07-21 12:21:23+00:00,53.04,0.6239100611822285,-0.9295265108185304,2.220298586657933,Clouds,-1.3639000789117224,-1.2266275328675906,-1.0838095765679292,-0.5512535668572408
95,2025-07-16 12:20:53+00:00,62.92,-0.4103201362280183,0.760272512903176,2.220298586657933,Smoke,-1.1154589236574382,-1.6897036212534884,0.8882118968386036,-0.4039048584028507
72,2025-07-12 18:12:58+00:00,138.28,-0.4103201362280183,0.290883895202702,-1.3349505885284607,Smoke,0.6220433685145466,-0.2845549524592093,0.21271853628017665,0.2831084947657433
14,2025-07-05 17:22:16+00:00,97.25,0.9686534603189786,-0.08462699895767721,1.7124058473455912,Smoke,-0.25278665690213553,0.09441987323777006,0.7117010689539895,1.5318887989166994
15,2025-07-05 18:12:01+00:00,97.67,0.9686534603189786,-0.08462699895767721,1.7124058473455912,Smoke,-0.24221469284876193,0.06742440620182082,0.7687178051630944,1.611088729710934
50,2025-07-10 03:46:52+00:00,49.38,-2.478780531048512,2.2623160895446928,1.7124058473455912,Clouds,-1.4283890596373026,-1.5564567647298932,-0.929583978625269,-0.2344538436803021
22,2025-07-06 15:08:56+00:00,77.27,-0.06557673709126936,0.290883895202702,-0.31916510990377667,Smoke,-0.7549549494373914,-0.2866315268465901,-0.2926101214764444,0.45808508605533144
77,2025-07-13 09:11:21+00:00,153.88,0.6239100611822285,-0.5540156166581512,1.7124058473455912,Smoke,1.1733712938979903,-0.10631565087569832,-0.49489900783696084,-1.3892993461915846
76,2025-07-13 06:14:32+00:00,183.63,0.6239100611822285,-0.5540156166581512,0.696620368720907,Smoke,2.757183658644053,2.1713403563497082,0.655766617642728,-1.0227694339112892
51,2025-07-10 06:15:43+00:00,54.72,-2.1340371319117626,1.699049748304124,2.220298586657933,Clouds,-1.3216122226982274,-1.2588144358719917,-0.9071511643790638,-0.16630506602014664
80,2025-07-13 18:12:50+00:00,163.2,-0.06557673709126936,-0.5540156166581512,-0.8319888466851705,Smoke,2.1280196479176445,0.5917594390154499,1.54432251877202,0.8706614697276238
132,2025-07-21 06:17:33+00:00,83.47,0.9686534603189786,-1.3050374049789095,0.696620368720907,Smoke,-0.5990184796501278,0.815337281390106,-0.735363034230493,-0.3265467864642959
85,2025-07-14 09:17:45+00:00,151.94,-1.444550333638265,1.699049748304124,-1.3349505885284607,Clouds,0.9756755660999001,-0.29943706890210436,0.3267520086983861,-1.0596066110248867
129,2025-07-20 21:09:31+00:00,67.21,-0.06557673709126936,0.290883895202702,-0.31916510990377667,Smoke,-1.0076248903130254,-0.8144275169725201,-0.30348216522296034,0.6643732778914778
90,2025-07-15 00:53:44+00:00,119.79,-1.444550333638265,0.6663947893630812,-0.31916510990377667,Clouds,0.22506611831036036,-0.7770491779996672,0.6609812630596088,-0.473895494918686
61,2025-07-11 12:18:46+00:00,117.23,0.9686534603189786,-1.3050374049789095,0.696620368720907,Smoke,0.17009190523281661,-0.5988098764161565,-0.4173680533369183,-0.623086062228756
142,2025-07-22 06:16:42+00:00,89.7,-0.4103201362280183,0.290883895202702,1.7124058473455912,Smoke,-0.44255341166019546,0.25293171814116405,-0.8105818346305973,-0.8680532900341795
7,2025-07-03 08:24:46+00:00,119.69,1.3133968594557275,-0.9295265108185304,0.696620368720907,Clouds,0.22295172549968564,-0.5050179332527944,-0.019087210930609746,-1.1682762835099996
79,2025-07-13 15:09:05+00:00,161.47,0.2791666620454795,-0.5540156166581512,-0.31916510990377667,Smoke,1.9509392500236338,0.4256334880249928,0.8922458678214734,0.3070526598895815
128,2025-07-20 15:10:06+00:00,62.38,0.6239100611822285,-0.5540156166581512,0.696620368720907,Clouds,-1.1292024769268239,-1.2089766505748547,-0.4033475444330403,0.3586247078486183
9,2025-07-04 13:35:26+00:00,51.36,1.3133968594557275,-0.08462699895767721,-0.31916510990377667,Smoke,1.847862600503239,2.3220217853340217,-2.0058179199941937,-1.0503973167464873
57,2025-07-11 00:51:43+00:00,88.96,-1.7892937327750138,1.1357834070635553,-0.31916510990377667,Smoke,-0.4610543487535997,-0.8113126553914489,0.466317565752079,1.7105491079176471
69,2025-07-12 09:10:01+00:00,153.63,1.3133968594557275,-1.3050374049789095,-0.8319888466851705,Smoke,1.1479985801698935,-0.0723982692151471,-0.5603280493883922,-1.400350499325664
30,2025-07-07 15:09:22+00:00,56.17,-0.4103201362280183,0.290883895202702,-1.3349505885284607,Smoke,-1.2851389467140875,-1.3224960504183332,-0.32719404343934383,0.5796477705302033
62,2025-07-11 15:10:32+00:00,159.56,0.6239100611822285,-1.3050374049789095,-0.31916510990377667,Smoke,1.7548293168335491,0.7322743058948774,0.9439987638456139,1.7934327564232422
100,2025-07-17 03:53:20+00:00,106.81,-0.4103201362280183,0.760272512903176,0.696620368720907,Mist,-0.053505134496039525,0.20170954991910647,1.2172757005510293,0.1836481165590298
139,2025-07-21 21:10:22+00:00,65.83,-1.099806934501516,0.6663947893630812,-0.31916510990377667,Smoke,-1.042512371689159,-0.9722471704134538,-0.6384001463373562,0.12286677432159386
101,2025-07-17 06:16:31+00:00,123.28,0.2791666620454795,0.290883895202702,0.696620368720907,Smoke,0.3001270630893141,0.8364491209951431,1.0120351281054856,-0.14972833631902777
40,2025-07-08 21:09:45+00:00,60.72,-0.7550635353647672,0.1970061716626072,-1.8428433278408023,Smoke,-1.1709617349376507,-1.3346094010113876,-0.14925656728029996,0.7712010915209107
96,2025-07-16 15:11:34+00:00,84.5,-0.7550635353647672,1.22966113060365,-0.31916510990377667,Smoke,-0.5731171677193618,-1.174713173183073,1.576938650011568,1.5650422583189372
102,2025-07-17 09:15:18+00:00,102.28,0.9686534603189786,-0.5540156166581512,2.220298586657933,Smoke,-0.1507672037870783,0.2120924218560099,0.01726772268330596,-1.0025089864988106
8,2025-07-04 08:24:47+00:00,125.38,1.6581402585924765,-0.9295265108185304,2.220298586657933,Smoke,0.3450579103161528,0.7225836254204341,-0.23534741142692053,-1.321150568531429
25,2025-07-07 00:54:27+00:00,52.54,-0.7550635353647672,0.6663947893630812,-0.8319888466851705,Smoke,-1.3765864357757711,-1.4488209923173265,-0.8905233327667451,-0.039216804978235084
73,2025-07-12 21:08:39+00:00,148.28,-0.4103201362280183,0.290883895202702,0.18379663193951323,Smoke,0.8366542387980349,-0.06893731190284563,0.3773242302885151,0.47281995690077044
67,2025-07-12 06:13:58+00:00,171.79,1.3133968594557275,-1.3050374049789095,-1.3349505885284607,Smoke,2.757183658644053,1.3455559416346465,0.6687540364168467,-0.9840903979420118
49,2025-07-10 00:51:01+00:00,43.92,-2.1374845659031294,-0.08462699895767721,0.5585524395874553,Rain,-1.497635424186901,-1.6817434194351961,-0.9965380579872978,-0.2565561499484606
126,2025-07-20 09:10:44+00:00,83.58,1.6581402585924765,-1.9621814697595732,0.696620368720907,Clouds,-0.5963754886367842,-0.6756431287492426,-1.0671817449556105,-1.264052944005353
84,2025-07-14 06:17:14+00:00,155.62,-0.7550635353647672,1.699049748304124,-0.31916510990377667,Thunderstorm,1.351508888197339,0.0009740258056380835,0.4621852052330411,-1.1553832715202403
70,2025-07-12 12:17:17+00:00,159.27,1.3133968594557275,-1.3050374049789095,-0.31916510990377667,Smoke,1.7257564156867713,0.32180476865595736,0.002558487026254743,-0.5862488851151585
4,2025-06-30 08:25:49+00:00,60.61,0.9686534603189786,-0.9295265108185304,1.7124058473455912,Clouds,-1.1736047259509939,-0.5721605051114375,-1.4221219966801064,-1.4629737004187797
74,2025-07-13 00:57:25+00:00,155.69,-0.7550635353647672,0.6663947893630812,-1.3349505885284607,Smoke,1.3589092630347006,0.2975780674698495,0.975483415419235,1.0106427427592943
42,2025-07-09 03:47:27+00:00,63.11,-1.444550333638265,1.699049748304124,0.696620368720907,Smoke,-1.11070153983342,-1.1992859701004113,-0.7330016853624713,-0.1828817957212655
13,2025-07-05 17:21:21+00:00,97.25,0.9686534603189786,-0.08462699895767721,1.7124058473455912,Smoke,-0.25278665690213553,0.09441987323777006,0.7117010689539895,1.5318887989166994
97,2025-07-16 18:15:17+00:00,97.2,-1.099806934501516,1.22966113060365,0.696620368720907,Smoke,-0.25384385330747306,-0.8666879723882679,2.0344991879588354,1.7694885912994034
21,2025-07-06 12:16:51+00:00,80.93,0.6239100611822285,-0.178504722497772,0.696620368720907,Smoke,-0.6629788621730394,-0.9646330643263913,-0.9179248185894123,-1.0154019984885698
17,2025-07-06 00:55:23+00:00,67.66,-0.7550635353647672,0.6663947893630812,0.696620368720907,Smoke,-0.9965243280569828,-0.09973983198232615,-0.9496062492353687,-0.6009837559605974
117,2025-07-19 06:14:48+00:00,157.96,1.3133968594557275,-1.3050374049789095,0.696620368720907,Smoke,1.5914924722089245,0.14875690304089836,0.28168960113364055,-1.2732622382837524
105,2025-07-17 18:15:39+00:00,102.65,-0.4103201362280183,0.760272512903176,-0.31916510990377667,Smoke,-0.14283823074704805,-0.6579922464565067,1.3352447544159414,0.9185497999753005
124,2025-07-20 04:00:17+00:00,96.36,0.9686534603189786,-0.9295265108185304,-0.31916510990377667,Smoke,-0.2749877814142206,-0.13227283071795717,-0.5722331832646679,-0.71149528730139
35,2025-07-08 06:15:23+00:00,65.41,-1.7892937327750138,1.699049748304124,-1.3349505885284607,Clouds,-1.0530843357425326,-0.9947433929434114,-0.6157213582507324,-0.36706768128925316
37,2025-07-08 12:19:36+00:00,58.44,0.9686534603189786,-0.9295265108185304,-0.31916510990377667,Smoke,-1.228050340825869,-1.1446028445660528,-1.076823919500032,-0.8570021369001003
63,2025-07-11 18:13:55+00:00,162.18,-0.06557673709126936,-0.178504722497772,-0.31916510990377667,Smoke,2.023885801991913,0.9399317446329483,1.4229098311412427,1.762121155876684
24,2025-07-06 21:08:27+00:00,67.38,-0.7550635353647672,0.6663947893630812,0.696620368720907,Smoke,-1.0033961046916757,-1.1920179597445788,-0.28577204871279827,0.5851733470972431
93,2025-07-15 09:19:49+00:00,119.89,0.2791666620454795,-0.5540156166581512,0.696620368720907,Clouds,0.22718051112103507,-0.8043907407668465,0.9511320052177621,-0.10184000607135085
47,2025-07-09 18:14:00+00:00,77.33,-1.099806934501516,0.1970061716626072,0.696620368720907,Smoke,-0.7533691548293853,-0.7040229787101123,-0.5380428194464386,0.4691362391894108
20,2025-07-06 09:09:18+00:00,85.43,-0.4103201362280183,0.290883895202702,0.696620368720907,Smoke,-0.5498588468019396,-0.8324244949964862,-0.9241725541360528,-0.9767229625192921
121,2025-07-19 18:13:37+00:00,149.43,0.6239100611822285,-0.9295265108185304,-0.31916510990377667,Smoke,0.8614983543234632,-0.26205872992925167,-0.1276600640915192,-0.31365377447453674
52,2025-07-10 09:13:16+00:00,43.38,-1.099806934501516,1.22966113060365,1.1995821105641975,Smoke,-1.504507200821594,-1.511810415401208,-1.1693592782656281,-0.8367416894876216
38,2025-07-08 15:10:36+00:00,52.64,0.2791666620454795,-0.5540156166581512,2.220298586657933,Smoke,-1.3739434447624275,-1.5550723818049728,-0.2683079060430555,0.568596617396124
66,2025-07-12 03:48:29+00:00,157.23,-0.06557673709126936,-0.5540156166581512,-0.8319888466851705,Clouds,1.5169601256326386,0.3539916716603586,0.929584696797065,-0.1718306425871863
64,2025-07-11 21:09:18+00:00,154.58,-0.4103201362280183,0.760272512903176,0.696620368720907,Smoke,1.2457892476636008,0.2754279406711219,0.8741913879347252,0.7067360315721147
48,2025-07-09 21:09:21+00:00,62.19,-1.099806934501516,0.1970061716626072,-0.31916510990377667,Smoke,-1.133959860750842,-1.0245076258292019,-0.8906217223029126,0.047350561238719224
135,2025-07-21 09:42:29+00:00,55.44,0.9686534603189786,-0.9295265108185304,-0.31916510990377667,Clouds,-1.3036398838074916,-0.9982043502557126,-1.2042875636051142,-0.9877741156533715
68,2025-07-12 07:58:24+00:00,155.04,1.3133968594557275,-1.3050374049789095,0.696620368720907,Smoke,1.2928344877011142,0.04873523671539422,-0.498932978819831,-1.3966667816143041
138,2025-07-21 18:16:02+00:00,57.88,-0.7550635353647672,0.6663947893630812,-0.31916510990377667,Smoke,-1.242322492297924,-1.3809862289962234,-0.5643128256031786,0.42861534436445337
92,2025-07-15 06:16:17+00:00,106.2,-1.1204915384497205,-1.6805482991392888,0.7853783231638409,Clouds,-0.06672008956275678,-0.9947433929434114,0.8451172799972095,-0.2676073030825398
34,2025-07-08 03:44:36+00:00,56.09,-1.7892937327750138,1.699049748304124,-0.31916510990377667,Smoke,-1.2872533395247623,-1.2726582651211962,-0.43138856224079664,-0.11657487691678989
32,2025-07-07 21:09:11+00:00,56.83,-0.7550635353647672,0.1970061716626072,-1.3349505885284607,Smoke,-1.2687524024313583,-1.2262814371363606,-0.2535002808498368,0.42308976779741386
107,2025-07-18 00:52:57+00:00,101.57,-1.099806934501516,1.22966113060365,-1.3349505885284607,Mist,-0.16609655166447065,-0.7794718481182781,1.3209782716716443,0.7417313498300325
44,2025-07-09 09:12:51+00:00,55.88,-1.444550333638265,0.6663947893630812,-0.8319888466851705,Smoke,-1.2925393215514491,-1.1411418872537515,-1.2552533433399136,-0.86252771346714
141,2025-07-22 03:55:16+00:00,77.08,-0.7550635353647672,0.6663947893630812,-0.31916510990377667,Mist,-0.7597123332614095,0.1757523700768476,-0.724687769556312,-0.5236256840220426
19,2025-07-06 06:13:37+00:00,60.23,-1.099806934501516,1.699049748304124,-0.31916510990377667,Smoke,-1.1831194935990306,-1.2968849663073045,-0.7505642175683819,-0.190249231143985
6,2025-07-02 08:25:20+00:00,103.34,1.3133968594557275,-0.9295265108185304,-0.8319888466851705,Smoke,-0.12803748107232465,-0.32712472740051374,-0.884669155364775,-1.3800900519131851
11,2025-07-04 13:54:54+00:00,140.05,1.3133968594557275,-0.08462699895767721,-0.31916510990377667,Smoke,0.6601024391066922,0.19028839078851262,1.171032618552273,1.7271258376187661
134,2025-07-21 09:19:19+00:00,57.69,0.9686534603189786,-0.9295265108185304,0.696620368720907,Clouds,-1.247079876121942,-0.8223877187908127,-1.206894886313555,-1.0761833407260057
45,2025-07-09 12:19:21+00:00,56.4,-0.7550635353647672,-0.178504722497772,-0.31916510990377667,Clouds,-1.2793243664847318,-1.3166124229874214,-0.7837214912568518,0.06576914979551793
65,2025-07-12 00:52:58+00:00,155.62,-0.4103201362280183,0.290883895202702,-0.31916510990377667,Smoke,1.351508888197339,0.20413222003771755,1.1420077053828412,1.0677403672853707
118,2025-07-19 09:10:36+00:00,111.81,1.6581402585924765,-1.9621814697595732,1.7124058473455912,Clouds,0.05380030064570464,-0.9182562363415555,-0.5590981801862976,-1.4316620998722218
111,2025-07-18 12:20:48+00:00,113.11,-0.06557673709126936,-0.178504722497772,-0.31916510990377667,Smoke,0.08181600538714529,-0.532705591751204,0.293151982097162,-0.24550499681438126
53,2025-07-10 12:19:27+00:00,48.92,-0.4103201362280183,0.290883895202702,0.696620368720907,Clouds,-1.434203639866658,-1.5651091580106462,-0.910053655696007,-0.4039048584028507
130,2025-07-21 00:57:04+00:00,70.56,-0.4103201362280183,0.760272512903176,-1.3349505885284607,Smoke,-0.9235777760887036,-0.4004970224212989,-0.4706951819397394,0.5004478397359686
82,2025-07-14 00:55:09+00:00,163.28,-0.7550635353647672,0.1970061716626072,-1.3349505885284607,Smoke,2.1364772191603443,0.6101025127706456,1.7648626640916196,0.30336894217822186
16,2025-07-05 21:09:12+00:00,78.61,0.6239100611822285,-0.178504722497772,0.696620368720907,Smoke,-0.7211246644665952,-0.19733882818921947,-0.31971643869060884,0.1283923508886337
110,2025-07-18 09:15:19+00:00,91.59,0.6239100611822285,-0.5540156166581512,-0.31916510990377667,Clouds,-0.39497957342001344,-0.8853771418746943,-0.11791950001093032,-1.0190857161999294
31,2025-07-07 18:13:50+00:00,56.19,-0.4103201362280183,-0.178504722497772,-0.31916510990377667,Smoke,-1.2846103485114189,-1.3204194760309527,-0.10793296208992219,0.63121981848924
36,2025-07-08 09:12:39+00:00,73.25,-0.4103201362280183,0.760272512903176,-0.31916510990377667,Smoke,-0.8559172061471112,-0.6901791494609076,-0.9730721536113334,-0.9288346322716154
86,2025-07-14 12:20:05+00:00,159.98,-1.099806934501516,1.699049748304124,-0.31916510990377667,Smoke,1.7987029676550512,0.2633145900780675,0.6976805600501111,-0.5880907439708384
87,2025-07-14 15:11:44+00:00,119.71,-0.7550635353647672,0.6663947893630812,-0.31916510990377667,Smoke,0.22348032370235424,-0.7548990512009396,0.3654682911803235,-0.2676073030825398
133,2025-07-21 07:15:52+00:00,72.45,0.9686534603189786,-1.3050374049789095,-0.31916510990377667,Smoke,-0.8760039378485214,0.17125312557085623,-1.0301872793566056,-0.890155596302338
12,2025-07-04 15:09:58+00:00,145.27,0.9686534603189786,-0.08462699895767721,-0.31916510990377667,Smoke,0.7721652580724544,0.27785061078973255,1.5296132831149687,1.9481489003003518
59,2025-07-11 06:15:25+00:00,102.38,0.2791666620454795,-0.5540156166581512,0.696620368720907,Smoke,-0.1486528109764036,-0.3710788852667388,-0.47925507158631775,-0.16077948945310697
144,2025-07-22 10:07:40+00:00,86.2,0.6239100611822285,0.290883895202702,0.696620368720907,Smoke,-0.5303007133031981,-0.5614315374433038,-0.6218215094931212,-0.5365186960118018
109,2025-07-18 06:16:14+00:00,114.25,0.9686534603189786,-0.9295265108185304,-0.31916510990377667,Smoke,0.10613152270990507,-0.38250004439733265,0.6267908992413798,-0.4831047891970853
106,2025-07-17 21:10:16+00:00,93.61,-0.7550635353647672,0.6663947893630812,-1.3349505885284607,Smoke,-0.3442341459638191,-0.8244642931781936,1.0325985411645073,0.44150835635421254
1,2025-06-27 11:25:32+00:00,111.34,0.9686534603189786,-0.5540156166581512,1.7124058473455912,Smoke,0.04375693479499965,-0.7960844432173239,-0.3398370988368761,-1.0522391756021672
41,2025-07-09 00:51:36+00:00,63.11,-1.444550333638265,1.699049748304124,-1.3349505885284607,Clouds,-1.11070153983342,-1.365758016822098,-0.29103588889776333,0.5962245002313221
28,2025-07-07 09:13:33+00:00,56.76,0.9686534603189786,-0.9295265108185304,0.696620368720907,Thunderstorm,-1.2703381970393643,-1.5246159574567222,-1.0903032859549886,-0.26023986765982027
2,2025-06-28 08:21:40+00:00,84.46,1.3133968594557275,-0.9295265108185304,2.220298586657933,Clouds,-0.5741743641246992,-0.415379138864194,-0.684987591712699,-1.3874574873359047
89,2025-07-14 21:09:55+00:00,136.88,-1.099806934501516,0.6663947893630812,-0.31916510990377667,Smoke,0.5919132709624312,-0.46556301989256094,0.9001662254829627,-0.09263071179295167
104,2025-07-17 15:11:38+00:00,104.42,-0.06557673709126936,0.290883895202702,-0.31916510990377667,Smoke,-0.1047791601549024,-0.49844211435942226,0.9429164789477704,0.62753610077788
94,2025-07-16 10:06:45+00:00,70.28,-0.06557673709126936,0.290883895202702,0.696620368720907,Clouds,-0.9304495527233965,-1.5571489561923533,0.9646113716727187,-0.5512535668572408
119,2025-07-19 12:18:01+00:00,117.97,1.6581402585924765,-1.9621814697595732,-0.31916510990377667,Clouds,0.18594985131287717,-0.8161579956286706,-0.5166430953299928,-1.2216901903247157
127,2025-07-20 12:18:31+00:00,78.17,1.6581402585924765,-1.586670575599194,0.696620368720907,Clouds,-0.7322252267226377,-0.7836249968930397,-1.0006704185063355,-1.0319787281896886
91,2025-07-15 03:55:03+00:00,98.21,-0.7550635353647672,-0.4601378931180564,-0.30930311496567314,Clouds,-0.2284711395793761,-1.1138003244865722,0.793511968277321,-0.25103057338142093
58,2025-07-11 03:53:34+00:00,93.44,-0.7550635353647672,-0.178504722497772,-0.31916510990377667,Smoke,-0.34846293158516856,-0.448258233331055,-0.1382861339976165,0.42677348550877353
81,2025-07-13 21:08:41+00:00,162.17,-0.4103201362280183,0.290883895202702,-1.3349505885284607,Smoke,2.0223000073839064,0.5208098141132753,1.6978593899615073,0.7454150675413922
120,2025-07-19 15:10:03+00:00,152.71,1.3133968594557275,-1.3050374049789095,-0.31916510990377667,Clouds,1.0539081000948665,-0.1751887013904919,-0.2077983413000021,-0.45547690636188715
78,2025-07-13 12:17:50+00:00,152.72,0.6239100611822285,-0.9295265108185304,-1.3349505885284607,Smoke,1.0554938947028727,-0.18384109467124482,-0.2807541823682525,-0.9619880916738531
29,2025-07-07 12:19:01+00:00,67.87,-0.4103201362280183,0.290883895202702,-0.31916510990377667,Smoke,-0.9912383460302958,-1.2525847127098495,-0.9880273631088033,-0.2344538436803021
103,2025-07-17 12:20:36+00:00,102.97,0.6239100611822285,-0.5540156166581512,0.696620368720907,Smoke,-0.1359664541123553,0.14979519023458876,0.09401156089400783,-0.6120349090946767
108,2025-07-18 03:55:18+00:00,101.98,-0.4103201362280183,0.760272512903176,-0.31916510990377667,Smoke,-0.15711038221910284,-0.6669907354684896,0.991274935974129,-0.11841673577246972
98,2025-07-16 21:10:32+00:00,90.79,-1.099806934501516,1.22966113060365,0.696620368720907,Smoke,-0.41506630512142356,-0.9618642984765504,1.480516904567353,0.8817126228617032
122,2025-07-19 21:09:20+00:00,124.37,-0.06557673709126936,-0.178504722497772,-1.3349505885284607,Smoke,0.3233853840067367,-0.5420501764944171,-0.26491346704527446,-0.35601652815517393
43,2025-07-09 06:15:22+00:00,69.8,-1.099806934501516,1.699049748304124,2.220298586657933,Clouds,-0.9426073113847764,-0.9009514497800497,-0.9351921821868202,-0.4683699183516463
145,2025-07-22 12:20:49+00:00,76.47,0.2791666620454795,-0.178504722497772,0.9727562269878117,Smoke,-0.7750416811388016,-0.8358854523087874,-0.6622596088579912,-0.34312351616541475
145,2025-07-22 15:11:40+00:00,54.45,-0.4103201362280183,0.760272512903176,0.696620368720907,Smoke,-1.32848399933292,-1.5336144464687056,-0.2849849324234579,0.36783400212701745
146,2025-07-22 18:15:28+00:00,54.43,-0.7550635353647672,0.6663947893630812,-0.31916510990377667,Smoke,-1.3290125975355889,-1.4844688526340286,-0.04806292933195797,0.9682799890786574
147,2025-07-22 21:10:26+00:00,55.25,-1.099806934501516,1.22966113060365,0.696620368720907,Smoke,-1.30839726763151,-1.1255675793483961,-0.5200867290958578,0.42308976779741386
148,2025-07-23 00:54:14+00:00,70.28,-1.099806934501516,1.22966113060365,0.696620368720907,Thunderstorm,-0.9304495527233965,-0.33300835483142577,-0.5203327029362765,0.14128536287839288
149,2025-07-23 03:56:52+00:00,78.72,-2.478780531048512,1.699049748304124,-0.31916510990377667,Clouds,-0.7184816734532516,0.31003751379413375,-0.7851481395312816,-0.501523377753884
150,2025-07-23 06:17:27+00:00,84.88,-1.444550333638265,1.22966113060365,-0.31916510990377667,Smoke,-0.5636024000713254,0.34499318264837536,-0.9183675715021664,-0.8717370077455392
151,2025-07-23 09:16:38+00:00,81.43,-0.7550635353647672,0.1970061716626072,-0.31916510990377667,Smoke,-0.6502925053089906,-0.22952573119362044,-1.1485006965981042,-1.3874574873359047
152,2025-07-23 12:20:51+00:00,79.62,-0.4103201362280183,-0.178504722497772,-1.3349505885284607,Smoke,-0.695751950738498,-0.3042824091393261,-1.0629018001323214,-1.2382669200258347
153,2025-07-23 15:12:12+00:00,89.84,-0.7550635353647672,0.1970061716626072,-1.3349505885284607,Smoke,-0.43885322424151463,-0.11739071427506236,0.33368847099819937,1.4029586790191082
154,2025-07-23 18:15:06+00:00,98.38,-0.7550635353647672,0.1970061716626072,-1.3349505885284607,Smoke,-0.22424235395802627,-0.03017459000507274,0.9782875172000103,2.1452277978580985
155,2025-07-23 21:10:55+00:00,89.38,-0.7550635353647672,0.6663947893630812,0.696620368720907,Smoke,-0.4504823847002257,-0.3537740987052329,0.5572786919389942,1.4158516910088674
156,2025-07-24 00:53:35+00:00,89.13,-1.099806934501516,1.22966113060365,-1.3349505885284607,Mist,-0.4568255631322501,-0.5714683136489772,0.5426186510500267,1.0051171661922549
157,2025-07-24 03:55:45+00:00,87.87,-0.7550635353647672,1.22966113060365,-0.31916510990377667,Mist,-0.48854145529237153,-0.03328945158614343,0.034682670584965304,0.08602959720799647
158,2025-07-24 06:16:45+00:00,84.37,-1.099806934501516,0.6663947893630812,-0.31916510990377667,Smoke,-0.5762887569353742,0.1397584140289156,-0.48245273151176354,-0.46468620064028665
159,2025-07-24 09:15:46+00:00,64.88,0.2791666620454795,-0.5540156166581512,1.1995821105641975,Smoke,-1.06629929080925,-0.4745615089045442,-1.1603566357062958,-1.1959041663451975
160,2025-07-24 12:21:13+00:00,67.32,-1.099806934501516,1.699049748304124,-0.31916510990377667,Clouds,-1.0049818992996817,-0.26240482566048173,-1.0691987304470456,-0.9251509145602558
161,2025-07-24 15:11:26+00:00,85.45,-0.7550635353647672,0.6663947893630812,-0.31916510990377667,Smoke,-0.5493302485992708,-0.6971010640855101,-0.1898422509494211,0.406513038096295
162,2025-07-24 18:15:32+00:00,105.41,-0.7550635353647672,0.6663947893630812,-0.31916510990377667,Smoke,-0.08363523204815487,-0.39357510779669647,0.8922458678214734,1.8284280746811594
163,2025-07-24 21:10:54+00:00,113.73,-1.099806934501516,0.6663947893630812,-1.3349505885284607,Smoke,0.09503096045386253,-0.21983505071917733,1.1825441942838786,2.333097401137446
164,2025-07-25 00:53:33+00:00,116.09,-1.099806934501516,0.6663947893630812,-0.8319888466851705,Smoke,0.14577638791005684,-0.25963605981064086,1.2470385352417177,1.5429399520507785
165,2025-07-25 03:55:37+00:00,87.53,-0.7550635353647672,0.6663947893630812,-0.31916510990377667,Smoke,-0.4969990265350706,-0.5451650380754882,0.19761574247845523,-0.11104930034975037
166,2025-07-25 06:17:06+00:00,95.86,-0.06557673709126936,-0.178504722497772,-0.31916510990377667,Clouds,-0.28767413827826926,-0.28593933538412974,-0.15078160509089725,-0.6322953565071554
167,2025-07-25 09:15:13+00:00,89.88,0.9686534603189786,-1.3050374049789095,-0.31916510990377667,Clouds,-0.43779602783617727,-0.12050557585613353,-0.9587072813308686,-1.350620310222307
168,2025-07-25 12:20:30+00:00,112.62,1.3133968594557275,-1.586670575599194,-0.31916510990377667,Clouds,0.07124404133377132,0.47374079466597924,-0.7176529177203309,-0.8735788666012192
169,2025-07-25 15:11:45+00:00,134.14,0.6239100611822285,-0.9295265108185304,0.18379663193951323,Clouds,0.5332388704662067,0.2487785693664025,0.5385846800671562,1.2795541356885565
170,2025-07-25 18:15:24+00:00,139.26,0.2791666620454795,-0.5540156166581512,-0.8319888466851705,Smoke,0.6431872966212941,0.3422244167985345,0.9742535462171403,1.5061027749371811
171,2025-07-25 21:10:18+00:00,122.37,-0.06557673709126936,-0.178504722497772,-0.8319888466851705,Smoke,0.28056892959057267,0.06292516169582943,0.48496238285583265,0.7546243618197918
172,2025-07-26 00:52:18+00:00,105.95,-0.7550635353647672,0.6663947893630812,-0.31916510990377667,Smoke,-0.07200607158944375,-0.21325923182580492,-0.11590251451949508,0.025248254970560526
173,2025-07-26 03:53:01+00:00,108.98,0.2791666620454795,-0.178504722497772,-0.8319888466851705,Smoke,-0.0069884926611946535,0.088536245806858,-0.3084016420313387,-0.26576544422686
174,2025-07-26 06:14:52+00:00,129.69,-0.7550635353647672,0.1970061716626072,-0.8319888466851705,Clouds,0.4375625957831736,0.4626657312666157,-0.4797962140352394,-0.8570021369001003
175,2025-07-26 09:10:47+00:00,86.44,0.9686534603189786,-0.9295265108185304,-0.31916510990377667,Clouds,-0.5244861330738425,-0.7535146682760192,-0.8092043811242515,-1.4390295352949414
176,2025-07-26 12:18:21+00:00,97.31,1.6581402585924765,-1.2111596814388148,-0.31916510990377667,Clouds,-0.25120086229412975,-0.6604149165751175,-0.47266297266309065,-1.026453151622649
177,2025-07-26 15:10:06+00:00,108.07,0.9686534603189786,-0.5540156166581512,-0.8319888466851705,Clouds,-0.02654662615993643,-0.4499887119872058,0.899723472570209,1.8376373689595589
178,2025-07-26 18:14:14+00:00,126.34,0.2791666620454795,0.290883895202702,-0.8319888466851705,Smoke,0.3656732402202318,-0.21568190194441575,1.5715272255223518,2.2925765063124883
179,2025-07-26 21:09:17+00:00,127.77,-0.06557673709126936,0.760272512903176,-0.31916510990377667,Smoke,0.3963319359750157,-0.24786880494881672,1.6212631360550567,1.9776186419912298
180,2025-07-27 00:58:56+00:00,133.26,-0.4103201362280183,1.22966113060365,-0.31916510990377667,Mist,0.5142093351701338,-0.24198517751790466,1.3584154901834034,1.1708844632034439
181,2025-07-27 04:01:54+00:00,145.1,0.9686534603189786,-0.08462699895767721,-1.3349505885284607,Smoke,0.7684650706537736,0.21728385782446186,0.3303432267685021,-0.43890017666076825
182,2025-07-27 06:15:21+00:00,159.75,1.6581402585924765,-1.2111596814388148,-1.3349505885284607,Smoke,1.77491604853496,1.0759473670063848,-0.1904325881664265,-1.0724996230146457
183,2025-07-27 09:11:11+00:00,124.47,2.0028836577292255,-1.586670575599194,-1.3349505885284607,Smoke,0.32549977681741143,-0.09454839601387467,-0.7914450698460057,-1.3985086404699838
184,2025-07-27 12:19:17+00:00,151.54,2.0028836577292255,-1.2111596814388148,-0.31916510990377667,Smoke,0.9339163080890737,0.2754279406711219,-0.015741966700912456,-0.12394231233950956
185,2025-07-27 15:10:00+00:00,122.3,1.6581402585924765,-1.2111596814388148,-1.3349505885284607,Smoke,0.27898313498256655,-0.2236421037627086,0.6725912283273816,1.6202980239893336
186,2025-07-27 18:14:12+00:00,126.93,0.9686534603189786,0.290883895202702,-0.31916510990377667,Smoke,0.3783595970842804,-0.13365721364287786,1.099503425758452,1.5963538588654953
187,2025-07-27 21:09:48+00:00,114.59,0.2791666620454795,0.760272512903176,-0.31916510990377667,Smoke,0.11353189754726677,-0.35619676882384377,0.9418341940499271,1.3863819493179894
188,2025-07-28 00:57:53+00:00,111.88,-0.4103201362280183,1.699049748304124,-0.31916510990377667,Mist,0.05538609525371077,-0.195954445264299,0.8939184899363223,1.1893030517602425
189,2025-07-28 04:01:34+00:00,115.55,0.2791666620454795,0.760272512903176,-0.31916510990377667,Mist,0.13414722745134533,0.8364491209951431,0.3858349251670096,0.211275999394228
190,2025-07-28 06:19:01+00:00,139.14,2.0028836577292255,-1.586670575599194,-1.3349505885284607,Smoke,0.6405443056079508,1.803094498320863,-0.032566577385566384,-0.38548626984605183
191,2025-07-28 09:18:25+00:00,109.57,-0.7550635353647672,1.699049748304124,0.696620368720907,Clouds,0.00569786420285364,0.9596592013130653,-0.7846069970823599,-1.0743414818703256
192,2025-07-28 12:21:24+00:00,113.09,0.6239100611822285,-0.178504722497772,-1.3349505885284607,Smoke,0.08128740718447632,0.8142989941964155,-0.5271215809318386,-0.6304534976514754
193,2025-07-28 15:12:52+00:00,154.79,0.2791666620454795,-0.178504722497772,-0.31916510990377667,Smoke,1.2669331757703488,2.2620174379319993,0.4225342221575118,1.1579914512136846
194,2025-07-28 18:15:58+00:00,157.59,-0.06557673709126936,0.760272512903176,0.696620368720907,Smoke,1.5534334016167788,2.3220217853340217,1.10142202171372,1.82658621582548
195,2025-07-28 21:10:41+00:00,155.06,3.037113855139472,-2.713203258080332,-0.31916510990377667,Smoke,1.294948880511789,2.3220217853340217,0.5669208664834153,1.07510780270809
196,2025-07-29 00:59:38+00:00,146.85,-0.4103201362280183,0.760272512903176,-1.3349505885284607,Mist,0.8059955430432506,2.3220217853340217,-0.6446970766520805,-0.2915514682063782
197,2025-07-29 04:03:36+00:00,151.9,-0.06557673709126936,1.22966113060365,0.696620368720907,Mist,0.9709181822758821,2.3220217853340217,-0.8829965332499263,-0.8183231009308229
198,2025-07-29 06:18:08+00:00,2.12,0.2791666620454795,0.290883895202702,2.220298586657933,Smoke,-2.0278194214635974,2.3220217853340217,-1.026251697909903,-1.2437924965928744
199,2025-07-29 09:16:51+00:00,157.92,0.9686534603189786,-0.08462699895767721,1.7124058473455912,Smoke,1.587263686587575,2.3220217853340217,-1.211371610209179,-1.350620310222307
200,2025-07-29 12:21:45+00:00,156.45,0.6239100611822285,-0.178504722497772,1.7124058473455912,Smoke,1.437141797029667,2.3220217853340217,-1.1134248269543667,-1.0522391756021672
201,2025-07-29 15:14:23+00:00,155.32,0.2791666620454795,0.290883895202702,2.220298586657933,Smoke,1.3213787906452235,2.3220217853340217,-0.6947281557932882,-0.05763539353503378
202,2025-07-29 18:16:30+00:00,140.89,-0.4103201362280183,0.760272512903176,0.696620368720907,Smoke,0.6780747779974279,1.6099730802944567,-0.4853552228287069,0.6091175122210813
203,2025-07-29 21:10:51+00:00,107.06,-0.7550635353647672,0.6663947893630812,0.696620368720907,Smoke,-0.048219152469352544,0.6339831182255242,-0.4408831524809668,0.4783455334678103
204,2025-07-30 00:54:47+00:00,97.01,-0.7550635353647672,0.6663947893630812,-0.31916510990377667,Smoke,-0.25860123713149147,0.25085514375378326,-0.31036943275468987,0.598066359087002
205,2025-07-30 04:00:07+00:00,96.05,-0.7550635353647672,0.6663947893630812,2.220298586657933,Smoke,-0.28291675445425085,0.76896045340527,-0.5180697436044226,0.20022484626014866
205,2025-07-30 06:18:34+00:00,101.17,-0.06557673709126936,0.290883895202702,0.696620368720907,Clouds,-0.1745541229071695,1.1081342700107857,-0.7762438865081168,-0.43153274123804874
206,2025-07-30 09:18:36+00:00,111.78,0.2791666620454795,-0.178504722497772,2.220298586657933,Clouds,0.053271702443036056,0.8703665026556948,-1.0134118634400355,-0.9877741156533715
206,2025-07-30 10:04:23+00:00,117.67,0.6239100611822285,-0.178504722497772,2.220298586657933,Clouds,0.17960667288085302,0.7634229217055882,-0.8855546611902829,-0.950936938539774
207,2025-07-30 12:21:43+00:00,130.94,0.2791666620454795,-0.178504722497772,0.696620368720907,Clouds,0.46452110411927666,0.6727458401232971,-0.4651361731462719,-0.4831047891970853
208,2025-07-30 15:11:58+00:00,149.41,-0.4103201362280183,0.760272512903176,-0.31916510990377667,Clouds,0.8609697561207943,0.2820037595644941,0.32808026743664814,0.03814126696031971
209,2025-07-30 18:15:30+00:00,133.4,-0.7550635353647672,0.6663947893630812,-0.31916510990377667,Clouds,0.5173809243861457,-0.33958417372479793,0.6531592949342876,0.22601087023966704
210,2025-07-30 21:10:27+00:00,152.89,-0.7550635353647672,0.6663947893630812,-0.31916510990377667,Smoke,1.0729376353909394,-0.10112421490724684,1.432256837077162,0.3733595786940573
211,2025-07-31 00:54:41+00:00,154.46,-1.099806934501516,1.22966113060365,-0.31916510990377667,Smoke,1.233631489002221,0.002704504461788575,1.7430693818305039,0.49860598088028885
212,2025-07-31 03:59:31+00:00,156.45,-0.7550635353647672,0.6663947893630812,-0.8319888466851705,Clouds,1.436613198826998,0.22628234683644513,1.7388386317752984,-0.015272639854396874
213,2025-07-31 06:17:28+00:00,165.95,-0.06557673709126936,0.290883895202702,-0.31916510990377667,Clouds,2.4097624899400563,0.8312576850266912,1.7296884049117147,-0.3633839635778933
214,2025-07-31 09:17:22+00:00,155.08,0.6239100611822285,-1.3050374049789095,0.696620368720907,Clouds,1.296534675119795,0.02312415260436566,1.0852861377822387,-0.7096534284457102
215,2025-07-31 12:19:30+00:00,156.14,0.6239100611822285,-0.9295265108185304,0.696620368720907,Clouds,1.405425904869545,0.08403700130086661,1.5734458214776192,0.28126663591006346
216,2025-07-31 15:12:13+00:00,154.91,-0.4103201362280183,0.290883895202702,0.18379663193951323,Clouds,1.279619532634397,0.01239518493623192,2.254153827452927,1.4803167509576627
217,2025-07-31 18:16:15+00:00,133.43,-0.7550635353647672,0.6663947893630812,-0.31916510990377667,Clouds,0.5179095225888146,-0.2028763598889015,1.1149013881686767,1.0861589558421694
218,2025-07-31 21:10:37+00:00,118.36,-1.099806934501516,1.22966113060365,-0.8319888466851705,Smoke,0.19440742255557605,-0.48702095522882843,0.8504795097183421,1.1211542741000868
219,2025-08-01 01:00:51+00:00,95.79,-1.099806934501516,1.22966113060365,-0.31916510990377667,Mist,-0.2892599328862754,-0.8971443967365184,0.2558623478896544,0.45255950948829193
220,2025-08-01 04:10:20+00:00,87.36,-0.7550635353647672,1.22966113060365,-1.3349505885284607,Clouds,-0.50122781215642,-1.0421585081219378,0.06134623488637559,0.2738992004873438
221,2025-08-01 06:19:15+00:00,91.29,-0.4103201362280183,0.760272512903176,0.696620368720907,Smoke,-0.40237994825737494,-0.9660174472513117,0.30087556068631616,0.22048529367262754
222,2025-08-01 09:16:48+00:00,128.97,-0.4103201362280183,0.760272512903176,1.7124058473455912,Smoke,0.42223324790578165,-0.3849227145159435,0.6880383855056895,0.6735825721698769
223,2025-08-01 12:21:00+00:00,156.13,-0.4103201362280183,0.760272512903176,-0.31916510990377667,Clouds,1.4038401102615397,0.3145367583001251,0.9105463215486409,1.2906052888226358
224,2025-08-01 15:12:15+00:00,148.5,-1.099806934501516,0.6663947893630812,-0.31916510990377667,Smoke,0.8414116226220529,-0.25859777261695044,3.2130090521739456,3.3534872071840978
225,2025-08-01 18:15:30+00:00,155.17,-1.099806934501516,0.6663947893630812,-0.31916510990377667,Smoke,1.3060494427678315,0.10687931956205429,3.6558111596960776,3.285338429523941
226,2025-08-01 21:10:18+00:00,155.79,-1.099806934501516,0.6663947893630812,-0.31916510990377667,Smoke,1.3694812270880745,0.08992062873177868,3.552354562415882,2.5135995689940738
227,2025-08-02 00:52:01+00:00,157.58,-1.099806934501516,1.22966113060365,-1.3349505885284607,Mist,1.552376205211441,0.2965397802761591,3.592399103636081,1.8671071106504369
228,2025-08-02 03:51:28+00:00,154.45,-0.7550635353647672,0.1970061716626072,-1.3349505885284607,Smoke,1.2325742925968834,0.3723347454155549,2.7252429266232348,0.6054337945097217
229,2025-08-02 06:14:43+00:00,164.68,0.2791666620454795,-0.5540156166581512,-0.31916510990377667,Smoke,2.2797273320835587,1.284643092938146,1.948113175203712,-0.43337460009372875
230,2025-08-02 09:11:59+00:00,166.79,0.9686534603189786,-0.9295265108185304,-0.31916510990377667,Clouds,2.4953953987723843,1.4985302548383588,1.0579830414957392,-1.2677366617167127
231,2025-08-02 12:18:42+00:00,166.53,0.9686534603189786,-0.9295265108185304,-0.31916510990377667,Clouds,2.468436890436281,1.556674337685019,0.8619418906818631,-0.9748811036636124
232,2025-08-02 15:10:16+00:00,161.93,0.6239100611822285,-0.5540156166581512,-1.3349505885284607,Smoke,1.9974558918584782,1.721762001481785,1.2443820177651936,1.360595925338471
233,2025-08-02 18:14:27+00:00,161.37,-0.06557673709126936,0.290883895202702,-1.3349505885284607,Smoke,1.9403672859702596,1.6656944930225057,1.6287899355718753,1.7252839787630865
234,2025-08-02 21:09:47+00:00,157.56,-0.4103201362280183,0.760272512903176,-1.3349505885284607,Smoke,1.5502618124007665,1.35524662210909,1.3735182839851245,1.3495447722043918
235,2025-08-03 01:00:14+00:00,155.02,-0.7550635353647672,0.6663947893630812,-1.3349505885284607,Smoke,1.2907200948904396,-2.268721779601476,1.1939081857112321,-1.6029549734504502
236,2025-08-03 04:05:33+00:00,142.69,0.9686534603189786,-0.5540156166581512,-0.31916510990377667,Smoke,0.7166624467922421,2.014212894371235,0.06828269718618914,-0.6009837559605974
237,2025-08-03 06:15:39+00:00,154.81,1.6581402585924765,-1.586670575599194,-0.8319888466851705,Smoke,1.2690475685810234,2.3220217853340217,-0.5574747528395328,-1.1977460252008774
238,2025-08-03 09:11:03+00:00,139.07,-1.7892937327750138,2.2623160895446928,0.696620368720907,Clouds,0.6389585109999447,2.3220217853340217,-1.2309511279065246,-1.4335039587279017
239,2025-08-03 12:19:10+00:00,126.21,0.2791666620454795,-0.178504722497772,-0.31916510990377667,Clouds,0.3630302492068885,2.3220217853340217,-1.2192427731025843,-1.1866948720667982
240,2025-08-03 15:10:21+00:00,114.37,-0.06557673709126936,0.290883895202702,-0.31916510990377667,Clouds,0.10877451372324837,1.6971892045644468,-0.501195938151685,0.3586247078486183
241,2025-08-03 18:14:52+00:00,111.46,-0.4103201362280183,0.760272512903176,-1.3349505885284607,Smoke,0.04639992580834295,1.3593997708838514,-0.17946215488374304,0.8172475629129076
242,2025-08-03 21:10:05+00:00,96.11,-0.7550635353647672,0.6663947893630812,-0.31916510990377667,Smoke,-0.2813309598462451,0.8963236824979537,-0.49155376360726355,0.3936200261065358
243,2025-08-04 00:59:28+00:00,77.9,-0.7550635353647672,0.6663947893630812,-0.31916510990377667,Smoke,-0.7390970033573306,0.6637473511113143,-0.9751875286389359,-0.25839800880414043
244,2025-08-04 04:11:26+00:00,82.9,0.6239100611822285,-1.3050374049789095,1.7124058473455912,Clouds,-0.6132906311221824,1.4030078330188465,-1.1375794580835044,-0.9619880916738531
245,2025-08-04 06:23:09+00:00,109.17,1.3133968594557275,-1.586670575599194,1.7124058473455912,Clouds,-0.0027597070398452223,2.0900078595106306,-1.2031068891711034,-1.2990482622632706
246,2025-08-04 09:21:45+00:00,104.59,2.0028836577292255,-1.8683037462194785,1.7124058473455912,Clouds,-0.10107897273622156,2.3220217853340217,-1.4122830430633497,-1.4500806884290205
247,2025-08-04 12:22:03+00:00,102.92,2.0028836577292255,-1.8683037462194785,0.696620368720907,Clouds,-0.13702365051769247,2.183107611211532,-1.2786208581797105,-1.1682762835099996
248,2025-08-04 15:12:35+00:00,84.54,0.9686534603189786,-0.9295265108185304,-0.31916510990377667,Clouds,-0.5720599713140245,0.863098492299862,-0.8634662103206644,-0.10552372378271054
249,2025-08-04 18:16:25+00:00,73.84,0.2791666620454795,-0.178504722497772,-0.31916510990377667,Smoke,-0.8411164564723878,0.13802793537276462,-0.772997031814587,0.0326156903932802
250,2025-08-04 21:11:10+00:00,63.34,-0.06557673709126936,0.290883895202702,-0.31916510990377667,Smoke,-1.1048869596040642,-0.125697011824585,-1.112932879273529,-0.5088908131766036
251,2025-08-05 00:56:16+00:00,64.5,-0.7550635353647672,0.1970061716626072,-1.3349505885284607,Smoke,-1.0758140584572864,0.2951553973512384,-1.3187145941679939,-0.801746371229704
252,2025-08-05 04:03:26+00:00,72.45,0.6239100611822285,-1.6805482991392888,-0.31916510990377667,Clouds,-0.8760039378485214,0.839217886844984,-1.2595332881632026,-1.0246112927669688
252,2025-08-05 06:19:18+00:00,90.14,1.6581402585924765,-2.2438146403798576,-0.31916510990377667,Clouds,-0.4314528494041529,1.334480878235283,-1.2807362332073136,-1.2861552502735116
253,2025-08-05 09:18:20+00:00,95.12,2.0028836577292255,-2.8070809816204263,0.696620368720907,Clouds,-0.3061750753716735,2.0024456395094106,-1.4166613774228063,-1.4390295352949414
254,2025-08-05 12:22:24+00:00,92.2,2.3476270568659743,-2.713203258080332,1.7124058473455912,Clouds,-0.37965022554262123,1.6376607387928666,-1.2942647944303538,-1.1645925657986396
255,2025-08-05 15:14:25+00:00,83.13,0.6239100611822285,-1.3050374049789095,1.7124058473455912,Clouds,-0.6074760508928269,0.4239030093688423,-0.28055740329591755,0.8411917280367457
256,2025-08-05 18:17:20+00:00,84.35,-0.06557673709126936,0.760272512903176,2.220298586657933,Smoke,-0.5768173551380427,0.18059771031406927,0.022187199491684278,1.2574518294203978
257,2025-08-05 21:10:35+00:00,74.51,-1.099806934501516,0.6663947893630812,-0.8319888466851705,Smoke,-0.8242013139869897,-0.12465872463089461,-0.4727121674311744,0.48755482774620945
258,2025-08-06 00:55:22+00:00,64.42,-1.0343056886655333,0.5725170658229864,2.220298586657933,Clouds,-1.077928451267961,-0.04055746194197618,-1.0715600793150672,-0.4296908823823689
259,2025-08-06 04:00:58+00:00,66.18,-0.06557673709126936,-0.5540156166581512,-0.8319888466851705,Clouds,-1.033526202243791,0.38687076612721993,-1.1478119698449312,-0.9362020676943349
259,2025-08-06 06:19:17+00:00,87.51,1.3133968594557275,-1.9621814697595732,0.696620368720907,Clouds,-0.4975276247377392,1.0105352738038926,-1.200499566462663,-1.2419506377371945
260,2025-08-06 09:18:37+00:00,80.93,2.3476270568659743,-2.525447811000142,-0.31916510990377667,Smoke,-0.6629788621730394,0.933355925739576,-1.40721598195072,-1.4261365233051821
261,2025-08-06 12:22:24+00:00,78.4,1.3133968594557275,-1.9621814697595732,1.7124058473455912,Clouds,-0.7264106464932821,0.6287916822570723,-1.2577130817441027,-1.1111786589839232
262,2025-08-06 15:13:57+00:00,75.79,-0.06557673709126936,-0.5540156166581512,-0.31916510990377667,Clouds,-0.7919568236241996,0.209323656006169,-0.4589376323677153,0.44703393292125243
263,2025-08-06 18:16:11+00:00,75.23,-0.4103201362280183,-0.178504722497772,-0.8319888466851705,Smoke,-0.8062289750962542,0.046658662328013925,-0.2265415479399235,0.6698988544585173
264,2025-08-06 21:10:36+00:00,69.23,-0.7550635353647672,0.1970061716626072,-0.31916510990377667,Smoke,-0.956879462856831,-0.181418424552634,-0.40989044858818335,0.5593873231177248
265,2025-08-07 00:55:42+00:00,72.96,-0.7550635353647672,0.1970061716626072,-1.3349505885284607,Smoke,-0.8633175809844729,0.07884556533241464,-0.4364064285853424,0.511498992870048
266,2025-08-07 04:00:53+00:00,75.46,0.2791666620454795,-0.178504722497772,-0.31916510990377667,Smoke,-0.8004143948668987,0.7959559204412192,-0.7502690489598792,-0.6415046507855547
266,2025-08-07 06:18:31+00:00,113.71,0.9686534603189786,-0.9295265108185304,-0.31916510990377667,Smoke,0.09450236225119357,1.6570420997417528,-0.9081842545088233,-1.1074949412725636
267,2025-08-07 09:17:32+00:00,96.38,1.6581402585924765,-1.586670575599194,0.696620368720907,Smoke,-0.274459183211552,1.4583831500156652,-1.3397207601397696,-1.4224528055938224
268,2025-08-07 12:30:27+00:00,98.57,1.6581402585924765,-1.586670575599194,0.696620368720907,Smoke,-0.21948497013400828,1.5141045627437142,-1.0536531837325702,-0.7262301581468291
268,2025-08-07 15:13:26+00:00,105.97,0.9686534603189786,-0.9295265108185304,-0.31916510990377667,Smoke,-0.07147747338677479,1.3247901977608396,-0.3813082883315053,0.44703393292125243
269,2025-08-07 18:16:30+00:00,101.89,0.2791666620454795,0.290883895202702,-1.8428433278408023,Smoke,-0.15922477502977755,1.134783641315505,-0.15304456442275144,0.6993685961493953
270,2025-08-07 21:09:17+00:00,83.68,0.2791666620454795,0.290883895202702,-0.8319888466851705,Smoke,-0.5937324976234408,0.6969725413094054,-0.634366175354486,0.22232715252830737
