timestamp,temperature,humidity,wind_speed,weather_main,aqi,pm2_5,pm10,co,no2
2025-06-27 11:25:32,32.99,70,4.12,Smoke,111.34,39.7,45.33,356.73,2.99
2025-06-28 08:21:40,33.99,66,5.14,Clouds,84.46,28.01,56.33,286.57,1.17
2025-06-29 08:21:57,34.99,66,2.57,Smoke,111.83,39.9,70.23,304.01,1.04
2025-06-30 08:25:49,32.99,66,4.12,Clouds,60.61,16.67,51.8,136.73,0.76
2025-07-01 08:25:46,31.99,62,4.12,Smoke,83.85,27.72,68.73,246.97,4.03
2025-07-02 08:25:20,33.99,66,1.54,Smoke,103.34,36.45,58.88,245.98,1.21
2025-07-03 08:24:46,33.99,66,3.09,Clouds,119.69,43.09,53.74,421.93,2.36
2025-07-04 08:24:47,34.99,66,5.14,Smoke,125.38,45.4,89.21,377.97,1.53
2025-07-04 13:35:26,33.99,75,2.06,Smoke,51.36,73.83,663.85,18.08,3
2025-07-04 13:46:34,33.99,75,2.06,Smoke,140.05,51.36,73.83,663.85,18.08
2025-07-04 13:54:54,33.99,75,2.06,Smoke,140.05,51.36,73.83,663.85,18.08
2025-07-04 15:09:58,32.99,75,2.06,Smoke,145.27,53.48,76.36,736.74,19.28
2025-07-05 17:21:21,32.99,75,4.12,Smoke,97.25,34.09,71.06,570.48,17.02
2025-07-05 17:22:16,32.99,75,4.12,Smoke,97.25,34.09,71.06,570.48,17.02
2025-07-05 18:12:01,32.99,75,4.12,Smoke,97.67,34.29,70.28,582.07,17.45
2025-07-05 21:09:12,31.99,74,3.09,Smoke,78.61,25.23,62.63,360.82,9.4
2025-07-06 00:55:23,27.99,83,3.09,Smoke,67.66,20.02,65.45,232.78,5.44
2025-07-06 03:50:09,25.99,100,3.09,Thunderstorm,63.93,18.25,44.14,264.81,7.47
2025-07-06 06:13:37,26.99,94,2.06,Smoke,60.23,16.49,30.86,273.24,7.67
2025-07-06 09:09:18,28.99,79,3.09,Smoke,85.43,28.47,44.28,237.95,3.4
2025-07-06 12:16:51,31.99,74,3.09,Smoke,80.93,26.33,40.46,239.22,3.19
2025-07-06 15:08:56,29.99,79,2.06,Smoke,77.27,24.59,60.05,366.33,11.19
2025-07-06 18:12:26,28.99,84,3.09,Smoke,90.81,31.03,61.13,460.27,13.74
2025-07-06 21:08:27,27.99,83,3.09,Smoke,67.38,19.89,33.89,367.72,11.88
2025-07-07 00:54:27,27.99,83,1.54,Smoke,52.54,12.83,26.47,244.79,8.49
2025-07-07 03:49:44,29.99,79,2.06,Smoke,56.19,14.57,39.07,227,8.76
2025-07-07 06:16:00,32.99,70,2.06,Smoke,53.59,13.33,28.58,215.92,9.11
2025-07-07 09:13:33,32.99,66,3.09,Thunderstorm,56.76,14.84,24.28,204.18,7.29
2025-07-07 12:19:01,28.99,79,2.06,Smoke,67.87,20.12,32.14,224.97,7.43
2025-07-07 15:09:22,28.99,79,1.03,Smoke,56.17,14.56,30.12,359.3,11.85
2025-07-07 18:13:50,28.99,74,2.06,Smoke,56.19,14.57,30.18,403.87,12.13
2025-07-07 21:09:11,27.99,78,1.03,Smoke,56.83,14.87,32.9,374.28,11
2025-07-08 00:50:25,24.99,94,2.06,Rain,58.49,15.66,32.43,384.3,11.06
2025-07-08 03:44:36,24.99,94,2.06,Smoke,56.09,14.52,31.56,338.12,8.07
2025-07-08 06:15:23,24.99,94,1.03,Clouds,65.41,18.95,39.59,300.65,6.71
2025-07-08 09:12:39,28.99,84,2.06,Smoke,73.25,22.68,48.39,228.01,3.66
2025-07-08 12:19:36,32.99,66,2.06,Smoke,58.44,15.64,35.26,206.92,4.05
2025-07-08 15:10:36,30.99,70,5.14,Smoke,52.64,12.88,23.4,371.27,11.79
2025-07-08 18:14:02,28.99,74,1.54,Smoke,60.32,16.53,29.87,433.99,13.6
2025-07-08 21:09:45,27.99,78,0,Smoke,60.72,16.72,29.77,395.47,12.89
2025-07-09 00:51:36,25.99,94,1.03,Clouds,63.11,17.86,28.87,366.65,11.94
2025-07-09 03:47:27,25.99,94,3.09,Smoke,63.11,17.86,33.68,276.81,7.71
2025-07-09 06:15:22,26.99,94,6.17,Clouds,69.8,21.04,42.3,235.71,6.16
2025-07-09 09:12:51,25.99,83,1.54,Smoke,55.88,14.42,35.36,170.65,4.02
2025-07-09 12:19:21,27.99,74,2.06,Clouds,56.4,14.67,30.29,266.5,9.06
2025-07-09 15:10:40,27.99,74,2.06,Clouds,68.52,20.43,54.55,269.02,8.98
2025-07-09 18:14:00,26.99,78,3.09,Smoke,77.33,24.62,47.99,316.44,11.25
2025-07-09 21:09:21,26.99,78,2.06,Smoke,62.19,17.42,38.73,244.77,8.96
2025-07-10 00:51:01,23.98,75,2.95,Rain,43.92,10.54,19.74,223.24,7.31
2025-07-10 03:46:52,22.99,100,4.12,Clouds,49.38,11.85,23.36,236.85,7.43
2025-07-10 06:15:43,23.99,94,8.23,Clouds,54.72,13.87,31.96,241.41,7.8
2025-07-10 09:13:16,26.99,89,3.6,Smoke,43.38,10.41,24.65,188.11,4.16
2025-07-10 12:19:27,28.99,79,3.09,Clouds,48.92,11.74,23.11,240.82,6.51
2025-07-10 15:11:26,27.99,74,2.06,Clouds,60.02,16.39,23.02,337.87,11.95
2025-07-10 18:14:15,26.99,78,2.06,Smoke,68.54,20.44,29.31,436.38,15.1
2025-07-10 21:09:42,26.99,83,2.06,Smoke,73.54,22.82,34.67,441.51,15.26
2025-07-11 00:51:43,24.99,88,2.06,Smoke,88.96,30.15,44.89,520.6,17.99
2025-07-11 03:53:34,27.99,74,2.06,Smoke,93.44,32.28,55.38,397.7,11.02
2025-07-11 06:15:25,30.99,70,3.09,Smoke,102.38,36.06,57.61,328.39,7.83
2025-07-11 09:12:03,32.99,58,1.03,Smoke,94.57,32.82,43.63,246.25,2.25
2025-07-11 12:18:46,32.99,62,3.09,Smoke,117.23,42.09,51.03,340.97,5.32
2025-07-11 15:10:32,31.99,62,2.06,Smoke,159.56,72.07,89.49,617.7,18.44
2025-07-11 18:13:55,29.99,74,2.06,Smoke,162.18,77.16,95.49,715.05,18.27
2025-07-11 21:09:18,28.99,84,3.09,Smoke,154.58,62.44,76.29,603.51,12.54
2025-07-12 00:52:58,28.99,79,2.06,Smoke,155.62,64.44,74.23,657.95,14.5
2025-07-12 03:48:29,29.99,70,1.54,Clouds,157.23,67.57,78.56,614.77,7.77
2025-07-12 06:13:58,33.99,62,1.03,Smoke,171.79,95.76,107.21,561.75,3.36
2025-07-12 07:58:24,33.99,62,3.09,Smoke,155.04,63.33,69.74,324.39,1.12
2025-07-12 09:10:01,33.99,62,1.54,Smoke,153.63,60.59,66.24,311.91,1.1
2025-07-12 12:17:17,33.99,62,2.06,Smoke,159.27,71.52,77.63,426.33,5.52
2025-07-12 15:09:28,31.99,74,2.06,Smoke,132.79,48.41,55.5,405.09,7.93
2025-07-12 18:12:58,28.99,79,1.03,Smoke,138.28,50.64,60.11,469.05,10.24
2025-07-12 21:08:39,28.99,79,2.57,Smoke,148.28,54.7,66.34,502.51,11.27
2025-07-13 00:57:25,27.99,83,1.03,Smoke,155.69,64.58,76.93,624.1,14.19
2025-07-13 03:55:37,29.99,74,1.54,Smoke,164.83,82.28,96.39,597.42,7.01
2025-07-13 06:14:32,31.99,70,3.09,Smoke,183.63,118.7,131.07,559.11,3.15
2025-07-13 09:11:21,31.99,70,4.12,Smoke,153.88,61.07,65.26,325.21,1.16
2025-07-13 12:17:50,31.99,66,1.03,Smoke,152.72,58.84,63.02,368.74,3.48
2025-07-13 15:09:05,30.99,70,2.06,Smoke,161.47,75.78,80.63,607.18,10.37
2025-07-13 18:12:50,29.99,70,1.54,Smoke,163.2,79.13,85.43,739.73,13.43
2025-07-13 21:08:41,28.99,79,1.03,Smoke,162.17,77.13,83.38,770.94,12.75
2025-07-14 00:55:09,27.99,78,1.03,Smoke,163.28,79.29,85.96,784.56,10.35
2025-07-14 03:58:07,29.99,74,2.06,Smoke,161.44,75.72,82.14,636.76,4.93
2025-07-14 06:17:14,27.99,94,2.06,Thunderstorm,155.62,64.44,68.36,519.76,2.43
2025-07-14 09:17:45,25.99,94,1.03,Clouds,151.94,57.33,59.68,492.23,2.95
2025-07-14 12:20:05,26.99,94,2.06,Smoke,159.98,72.9,75.94,567.63,5.51
2025-07-14 15:11:44,27.99,83,2.06,Smoke,119.71,43.1,46.52,500.1,7.25
2025-07-14 18:15:30,26.99,83,2.06,Smoke,134.44,49.08,53.81,596.45,9.12
2025-07-14 21:09:55,26.99,83,2.06,Smoke,136.88,50.07,54.88,608.79,8.2
2025-07-15 00:53:44,25.99,83,2.06,Clouds,119.79,43.13,45.88,560.17,6.13
2025-07-15 03:55:03,27.99,71,2.07,Clouds,98.21,34.55,36.15,587.11,7.34
2025-07-15 06:16:17,26.93,58,3.18,Clouds,106.2,37.61,39.59,597.6,7.25
2025-07-15 09:19:49,30.99,70,3.09,Clouds,119.89,43.17,45.09,619.15,8.15
2025-07-16 10:06:45,29.99,79,3.09,Clouds,70.28,21.27,23.34,621.89,5.71
2025-07-16 12:20:53,28.99,84,5.14,Smoke,62.92,17.77,19.51,606.36,6.51
2025-07-16 15:11:34,27.99,89,2.06,Smoke,84.5,28.03,34.39,746.36,17.2
2025-07-16 18:15:17,26.99,89,3.09,Smoke,97.2,34.07,43.29,839.37,18.31
2025-07-16 21:10:32,26.99,89,3.09,Smoke,90.79,31.02,40.54,726.76,13.49
2025-07-17 00:53:51,26.99,94,2.06,Mist,91.92,31.56,48.77,697.38,11.47
2025-07-17 03:53:20,28.99,84,3.09,Mist,106.81,37.86,74.16,673.25,9.7
2025-07-17 06:16:31,30.99,79,3.09,Smoke,123.28,44.55,92.5,631.53,7.89
2025-07-17 09:15:18,32.99,70,6.17,Smoke,102.28,36.02,74.46,429.32,3.26
2025-07-17 12:20:36,31.99,70,3.09,Smoke,102.97,36.3,72.66,444.92,5.38
2025-07-17 15:11:38,29.99,79,2.06,Smoke,104.42,36.89,53.93,617.48,12.11
2025-07-17 18:15:39,28.99,84,2.06,Smoke,102.65,36.17,49.32,697.23,13.69
2025-07-17 21:10:16,27.99,83,1.03,Smoke,93.61,32.36,44.51,635.71,11.1
2025-07-18 00:52:57,26.99,89,1.03,Mist,101.57,35.73,45.81,694.33,12.73
2025-07-18 03:55:18,28.99,84,2.06,Smoke,101.98,35.9,49.06,627.31,8.06
2025-07-18 06:16:14,32.99,66,2.06,Smoke,114.25,40.88,57.28,553.22,6.08
2025-07-18 09:15:19,31.99,70,2.06,Clouds,91.59,31.4,42.75,401.84,3.17
2025-07-18 12:20:48,29.99,74,2.06,Smoke,113.11,40.42,52.94,485.4,7.37
2025-07-18 15:11:12,28.99,79,2.06,Smoke,,35.44,40.74,498.2,10.15
2025-07-18 18:14:54,28.99,79,0,Smoke,129.56,47.1,54.35,655.61,13.74
2025-07-18 21:10:05,27.99,83,0,Smoke,145.64,53.63,61.03,720.1,13.59
2025-07-19 00:51:57,27.99,83,1.03,Mist,,55.49,61.59,761.91,11.19
2025-07-19 03:47:47,31.99,70,2.06,Smoke,154.13,61.57,66.14,608.43,4.39
2025-07-19 06:14:48,33.99,62,3.09,Smoke,157.96,68.98,72.63,483.07,1.79
2025-07-19 09:10:36,34.99,55,4.12,Clouds,111.81,39.89,41.8,312.16,0.93
2025-07-19 12:18:01,34.99,55,2.06,Clouds,117.97,42.39,44.75,320.79,2.07
2025-07-19 15:10:03,33.99,62,2.06,Clouds,152.71,58.81,63.27,383.57,6.23
2025-07-19 18:13:37,31.99,66,2.06,Smoke,149.43,55.17,60.76,399.86,7
2025-07-19 21:09:20,29.99,74,1.03,Smoke,124.37,44.99,52.67,371.96,6.77
2025-07-20 00:58:56,28.99,79,3.09,Smoke,,35.48,51.45,355.28,7.34
2025-07-20 04:00:17,32.99,66,2.06,Smoke,96.36,33.67,64.51,309.49,4.84
2025-07-20 06:15:00,33.99,59,3.09,Clouds,120.75,43.52,76.23,272.12,2.71
2025-07-20 09:10:44,34.99,55,3.09,Clouds,83.58,27.59,48.81,208.88,1.84
2025-07-20 12:18:31,34.99,59,3.09,Clouds,78.17,25.02,45.69,222.4,3.1
2025-07-20 15:10:06,31.99,70,3.09,Clouds,62.38,17.51,33.4,343.82,10.65
2025-07-20 21:09:31,29.99,79,2.06,Smoke,67.21,19.81,44.8,364.12,12.31
2025-07-21 00:57:04,28.99,84,1.03,Smoke,70.56,21.4,56.76,330.13,11.42
2025-07-21 03:59:58,30.99,74,4.12,Smoke,77.39,24.65,82.11,296.07,8.09
2025-07-21 06:17:33,32.99,62,3.09,Smoke,83.47,27.54,91.89,276.33,6.93
2025-07-21 07:15:52,32.99,62,2.06,Smoke,72.45,22.3,73.28,216.4,3.87
2025-07-21 09:19:19,32.99,66,3.09,Clouds,57.69,15.28,44.57,180.48,2.86
2025-07-21 09:42:29,32.99,66,2.06,Clouds,55.44,14.21,39.49,181.01,3.34
2025-07-21 12:21:23,31.99,66,5.14,Clouds,53.04,13.07,32.89,205.5,5.71
2025-07-21 15:11:39,27.99,78,4.12,Smoke,67.24,19.82,38.67,340.95,12.93
2025-07-21 18:16:02,27.99,83,2.06,Smoke,57.88,15.37,28.43,311.1,11.03
2025-07-21 21:10:22,26.99,83,2.06,Smoke,65.83,19.15,40.24,296.04,9.37
2025-07-22 00:53:40,26.99,89,2.57,Mist,69.02,20.67,58.83,279.12,8.6
2025-07-22 03:55:16,27.99,83,2.06,Mist,77.08,24.5,73.41,278.5,5.86
2025-07-22 06:16:42,28.99,79,4.12,Smoke,89.7,30.5,75.64,261.04,3.99
2025-07-22 09:16:06,31.99,74,3.09,Smoke,89.99,30.64,57.04,287.2,4.88
2025-07-22 10:07:40,31.99,79,3.09,Smoke,86.2,28.84,52.11,299.41,5.79
2025-07-22 15:11:40,28.99,84,3.09,Smoke,54.45,13.74,24.02,367.88,10.7
2025-07-22 18:15:28,27.99,83,2.06,Smoke,54.43,13.73,25.44,416.04,13.96
2025-07-22 21:10:26,26.99,89,3.09,Smoke,55.25,14.12,35.81,320.09,11
2025-07-23 00:54:14,26.99,89,3.09,Thunderstorm,70.28,21.27,58.71,320.04,9.47
2025-07-23 03:56:52,22.99,94,2.06,Clouds,78.72,25.28,77.29,266.21,5.98
2025-07-23 06:17:27,25.99,89,2.06,Smoke,84.88,28.21,78.3,239.13,3.97
2025-07-23 09:16:38,27.99,78,2.06,Smoke,81.43,26.57,61.7,192.35,1.17
2025-07-23 12:20:51,28.99,74,1.03,Smoke,79.62,25.71,59.54,209.75,1.98
2025-07-23 15:12:12,27.99,78,1.03,Smoke,89.84,30.57,64.94,493.64,16.32
2025-07-23 18:15:06,27.99,78,1.03,Smoke,98.38,34.63,67.46,624.67,20.35
2025-07-23 21:10:55,27.99,83,3.09,Smoke,89.38,30.35,58.11,539.09,16.39
2025-07-24 00:53:35,26.99,89,1.03,Mist,89.13,30.23,51.82,536.11,14.16
2025-07-24 03:55:45,27.99,89,2.06,Mist,87.87,29.63,67.37,432.86,9.17
2025-07-24 06:16:45,26.99,83,2.06,Smoke,84.37,27.97,72.37,327.74,6.18
2025-07-24 09:15:46,30.99,70,3.6,Smoke,64.88,18.7,54.62,189.94,2.21
2025-07-24 12:21:13,26.99,94,2.06,Clouds,67.32,19.86,60.75,208.47,3.68
2025-07-24 15:11:26,27.99,83,2.06,Smoke,85.45,28.48,48.19,387.22,10.91
2025-07-24 18:15:32,27.99,83,2.06,Smoke,105.41,37.29,56.96,607.18,18.63
2025-07-24 21:10:54,26.99,83,1.03,Smoke,113.73,40.67,61.98,666.19,21.37
2025-07-25 00:53:33,26.99,83,1.54,Smoke,116.09,41.63,60.83,679.3,17.08
2025-07-25 03:55:37,27.99,83,2.06,Smoke,87.53,29.47,52.58,465.98,8.1
2025-07-25 06:17:06,29.99,74,2.06,Clouds,95.86,33.43,60.07,395.16,5.27
2025-07-25 09:15:13,32.99,62,2.06,Clouds,89.88,30.59,64.85,230.93,1.37
2025-07-25 12:20:30,33.99,59,2.06,Clouds,112.62,40.22,82.02,279.93,3.96
2025-07-25 15:11:45,31.99,66,2.57,Clouds,134.14,48.96,75.52,535.29,15.65
2025-07-25 18:15:24,30.99,70,1.54,Smoke,139.26,51.04,78.22,623.85,16.88
2025-07-25 21:10:18,29.99,74,1.54,Smoke,122.37,44.18,70.15,524.39,12.8
2025-07-26 00:52:18,27.99,83,2.06,Smoke,105.95,37.51,62.17,402.25,8.84
2025-07-26 03:53:01,30.99,74,1.54,Smoke,108.98,38.74,70.89,363.12,7.26
2025-07-26 06:14:52,27.99,78,1.54,Clouds,129.69,47.15,81.7,328.28,4.05
2025-07-26 09:10:47,32.99,66,2.06,Clouds,86.44,28.95,46.56,261.32,0.89
2025-07-26 12:18:21,34.99,63,2.06,Clouds,97.31,34.12,49.25,329.73,3.13
2025-07-26 15:10:06,32.99,70,1.54,Clouds,108.07,38.37,55.33,608.7,18.68
2025-07-26 18:14:14,30.99,79,1.54,Smoke,126.34,45.79,62.1,745.26,21.15
2025-07-26 21:09:17,29.99,84,2.06,Smoke,127.77,46.37,61.17,755.37,19.44
2025-07-27 00:58:56,28.99,89,2.06,Mist,133.26,48.6,61.34,701.94,15.06
2025-07-27 04:01:54,32.99,75,1.03,Smoke,145.1,53.41,74.61,492.96,6.32
2025-07-27 06:15:21,34.99,63,1.03,Smoke,159.75,72.45,99.42,387.1,2.88
2025-07-27 09:11:11,35.99,59,1.03,Smoke,124.47,45.03,65.6,264.93,1.11
2025-07-27 12:19:17,35.99,63,2.06,Smoke,151.54,56.54,76.29,422.61,8.03
2025-07-27 15:10:00,34.99,63,1.03,Smoke,122.3,44.15,61.87,562.53,17.5
2025-07-27 18:14:12,32.99,79,2.06,Smoke,126.93,46.03,64.47,649.31,17.37
2025-07-27 21:09:48,30.99,84,2.06,Smoke,114.59,41.02,58.04,617.26,16.23
2025-07-28 00:57:53,28.99,94,2.06,Mist,111.88,39.92,62.67,607.52,15.16
2025-07-28 04:01:34,30.99,84,2.06,Mist,115.55,41.41,92.5,504.24,9.85
2025-07-28 06:19:01,35.99,59,1.03,Smoke,139.14,50.99,120.43,419.19,6.61
2025-07-28 09:18:25,27.99,94,3.09,Clouds,109.57,38.98,96.06,266.32,2.87
2025-07-28 12:21:24,31.99,74,1.03,Smoke,113.09,40.41,91.86,318.66,5.28
2025-07-28 15:12:52,30.99,74,2.06,Smoke,154.79,62.84,133.69,511.7,14.99
2025-07-28 18:15:58,29.99,84,3.09,Smoke,157.59,68.26,138.19,649.7,18.62
2025-07-28 21:10:41,38.99,47,2.06,Smoke,155.06,63.37,141.29,541.05,14.54
2025-07-29 00:59:38,28.99,84,1.03,Mist,146.85,54.12,164.54,294.76,7.12
2025-07-29 04:03:36,29.99,89,3.09,Mist,151.9,57.24,198.84,246.32,4.26
2025-07-29 06:18:08,30.99,79,6.17,Smoke,2.12,0.51,229.3,217.2,1.95
2025-07-29 09:16:51,32.99,75,4.12,Smoke,157.92,68.9,226.75,179.57,1.37
2025-07-29 12:21:45,31.99,74,4.12,Smoke,156.45,66.06,211.39,199.48,2.99
2025-07-29 15:14:23,30.99,79,5.14,Smoke,155.32,63.87,171.63,284.59,8.39
2025-07-29 18:16:30,28.99,84,3.09,Smoke,140.89,51.7,114.85,327.15,12.01
2025-07-29 21:10:51,27.99,83,3.09,Smoke,107.06,37.96,86.65,336.19,11.3
2025-07-30 00:54:47,27.99,83,2.06,Smoke,97.01,33.98,75.58,362.72,11.95
2025-07-30 06:18:34,29.99,79,3.09,Clouds,101.17,35.57,100.35,268.02,6.36
2025-07-30 10:04:23,31.99,74,5.14,Clouds,117.67,42.27,90.39,245.8,3.54
2025-07-30 12:21:43,30.99,74,3.09,Clouds,130.94,47.66,87.77,331.26,6.08
2025-07-30 15:11:58,28.99,84,2.06,Clouds,149.41,55.16,76.48,492.5,8.91
2025-07-30 18:15:30,27.99,83,2.06,Clouds,133.4,48.66,58.52,558.58,9.93
2025-07-30 21:10:27,27.99,83,2.06,Smoke,152.89,59.17,65.41,716.95,10.73
2025-07-31 00:54:41,26.99,89,2.06,Smoke,154.46,62.21,68.41,780.13,11.41
2025-07-31 03:59:31,27.99,83,1.54,Clouds,156.45,66.05,74.87,779.27,8.62
2025-07-31 06:17:28,29.99,79,2.06,Clouds,165.95,84.46,92.35,777.41,6.73
2025-07-31 09:17:22,31.99,62,3.09,Clouds,155.08,63.4,69,646.42,4.85
2025-07-31 12:19:30,31.99,66,3.09,Clouds,156.14,65.46,70.76,745.65,10.23
2025-07-31 15:12:13,28.99,79,2.57,Clouds,154.91,63.08,68.69,884.02,16.74
2025-07-31 18:16:15,27.99,83,2.06,Clouds,133.43,48.67,62.47,652.44,14.6
2025-07-31 21:10:37,26.99,89,1.54,Smoke,118.36,42.55,54.26,598.69,14.79
2025-08-01 01:00:51,26.99,89,2.06,Mist,95.79,33.4,42.41,477.82,11.16
2025-08-01 04:10:20,27.99,89,1.03,Clouds,87.36,29.39,38.22,438.28,10.19
2025-08-01 06:19:15,28.99,84,3.09,Smoke,91.29,31.26,40.42,486.97,9.9
2025-08-01 09:16:48,28.99,84,4.12,Smoke,128.97,46.86,57.21,565.67,12.36
2025-08-01 12:21:00,28.99,84,2.06,Clouds,156.13,65.43,77.42,610.9,15.71
2025-08-01 15:12:15,26.99,83,2.06,Smoke,148.5,54.79,60.86,1078.93,26.91
2025-08-01 18:15:30,26.99,83,2.06,Smoke,155.17,63.58,71.42,1168.94,26.54
2025-08-01 21:10:18,26.99,83,2.06,Smoke,155.79,64.78,70.93,1147.91,22.35
2025-08-02 00:52:01,26.99,89,1.03,Mist,157.58,68.24,76.9,1156.05,18.84
2025-08-02 03:51:28,27.99,78,1.03,Smoke,154.45,62.19,79.09,979.78,11.99
2025-08-02 06:14:43,30.99,70,2.06,Smoke,164.68,82,105.45,821.81,6.35
2025-08-02 09:11:59,32.99,66,2.06,Clouds,166.79,86.08,111.63,640.87,1.82
2025-08-02 12:18:42,32.99,66,2.06,Clouds,166.53,85.57,113.31,601.02,3.41
2025-08-02 15:10:16,31.99,70,1.03,Smoke,161.93,76.66,118.08,678.76,16.09
2025-08-02 18:14:27,29.99,79,1.03,Smoke,161.37,75.58,116.46,756.9,18.07
2025-08-02 21:09:47,28.99,84,1.03,Smoke,157.56,68.2,107.49,705.01,16.03
2025-08-03 01:00:14,27.99,83,1.03,Smoke,155.02,63.29,2.78,668.5,0
2025-08-03 04:05:33,32.99,70,2.06,Smoke,142.69,52.43,126.53,439.69,5.44
2025-08-03 06:15:39,34.99,59,1.54,Smoke,154.81,62.88,153.46,312.49,2.2
2025-08-03 09:11:03,24.99,100,3.09,Clouds,139.07,50.96,148.97,175.59,0.92
2025-08-03 12:19:10,30.99,74,2.06,Clouds,126.21,45.74,140.03,177.97,2.26
2025-08-03 15:10:21,29.99,79,2.06,Clouds,114.37,40.93,117.37,323.93,10.65
2025-08-03 18:14:52,28.99,84,1.03,Smoke,111.46,39.75,107.61,389.33,13.14
2025-08-03 21:10:05,27.99,83,2.06,Smoke,96.11,33.55,94.23,325.89,10.84
2025-08-04 00:59:28,27.99,83,2.06,Smoke,77.9,24.89,87.51,227.58,7.3
2025-08-04 04:11:26,31.99,62,4.12,Clouds,82.9,27.27,108.87,194.57,3.48
2025-08-04 06:23:09,33.99,59,4.12,Clouds,109.17,38.82,128.72,181.25,1.65
2025-08-04 09:21:45,35.99,56,4.12,Clouds,104.59,36.96,138.79,138.73,0.83
2025-08-04 12:22:03,35.99,56,3.09,Clouds,102.92,36.28,131.41,165.9,2.36
2025-08-04 15:12:35,32.99,66,2.06,Clouds,84.54,28.05,93.27,250.29,8.13
2025-08-04 18:16:25,30.99,74,2.06,Smoke,73.84,22.96,72.32,268.68,8.88
2025-08-04 21:11:10,29.99,79,2.06,Smoke,63.34,17.97,64.7,199.58,5.94
2025-08-05 00:56:16,27.99,78,1.03,Smoke,64.5,18.52,76.86,157.75,4.35
2025-08-05 06:19:18,34.99,52,2.06,Clouds,90.14,30.71,106.89,165.47,1.72
2025-08-05 09:18:20,35.99,46,3.09,Clouds,95.12,33.08,126.19,137.84,0.89
2025-08-05 12:22:24,36.99,47,4.12,Clouds,92.2,31.69,115.65,162.72,2.38
2025-08-05 15:14:25,31.99,62,4.12,Clouds,83.13,27.38,80.58,368.78,13.27
2025-08-05 18:17:20,29.99,84,5.14,Smoke,84.35,27.96,73.55,430.32,15.53
2025-08-05 21:10:35,26.99,83,1.54,Smoke,74.51,23.28,64.73,329.72,11.35
2025-08-06 00:55:22,27.18,82,5.72,Clouds,64.42,18.48,67.16,207.99,6.37
2025-08-06 06:19:17,33.99,55,3.09,Clouds,87.51,29.46,97.53,181.78,1.96
2025-08-06 09:18:37,36.99,49,2.06,Smoke,80.93,26.33,95.3,139.76,0.96
2025-08-06 12:22:24,33.99,55,4.12,Clouds,78.4,25.13,86.5,170.15,2.67
2025-08-06 15:13:57,29.99,70,2.06,Clouds,75.79,23.89,74.38,332.52,11.13
2025-08-06 18:16:11,28.99,74,1.54,Smoke,75.23,23.62,69.68,379.76,12.34
2025-08-06 21:10:36,27.99,78,2.06,Smoke,69.23,20.77,63.09,342.49,11.74
2025-08-07 00:55:42,27.99,78,1.03,Smoke,72.96,22.54,70.61,337.1,11.48
2025-08-07 06:18:31,32.99,66,2.06,Smoke,113.71,40.66,116.21,241.2,2.69
2025-08-07 09:17:32,34.99,59,3.09,Smoke,96.38,33.68,110.47,153.48,0.98
2025-08-07 15:13:26,32.99,66,2.06,Smoke,105.97,37.52,106.61,348.3,11.13
2025-08-07 18:16:30,30.99,79,0,Smoke,101.89,35.86,101.12,394.7,12.5
2025-08-07 21:09:17,30.99,79,1.54,Smoke,83.68,27.64,88.47,296.86,9.91
2025-08-08 00:55:24,28.99,84,1.03,Smoke,74.05,23.06,84.37,226.49,7.45
2025-08-08 06:18:39,34.99,55,2.06,Clear,104.18,36.79,112.72,207.99,2.17
2025-08-08 09:17:26,36.99,47,2.06,Clouds,94.72,32.89,109.97,152.44,0.91
2025-08-08 12:21:31,35.99,52,6.17,Clouds,99.52,35.17,113.82,183.47,2.52
2025-08-08 15:12:07,31.99,66,3.09,Clouds,108.36,38.49,112.78,388.54,13.21
2025-08-08 18:13:37,29.99,70,2.06,Smoke,115.16,41.25,112.55,496.98,17.32
2025-08-08 21:09:47,28.99,79,2.06,Smoke,113.02,40.38,106.05,489.56,17.1
2025-08-09 00:50:08,28.99,79,2.06,Smoke,105.75,37.43,102.38,448.95,14.4
2025-08-09 06:14:48,32.99,66,2.06,Clouds,139.71,51.22,134.01,292.3,3.1
2025-08-09 09:10:43,35.99,56,3.09,Clouds,,35.44,122.13,156.48,0.9
2025-08-09 12:18:32,28.99,79,3.09,Clouds,110.16,39.22,124.57,207.64,3.38
2025-08-09 15:09:50,28.99,84,2.06,Clouds,99.1,34.97,95.98,371.32,12.73
2025-08-09 18:14:06,27.99,78,2.06,Smoke,107.62,38.19,95.47,478.01,15.75
2025-08-09 21:09:31,26.99,83,2.06,Smoke,111.27,39.67,93.47,527.4,17.74
2025-08-10 00:58:14,26.99,94,2.06,Smoke,109.99,39.15,93.09,493.64,14.88
2025-08-10 03:59:16,26.99,89,3.09,Smoke,104.52,36.93,101.66,391.25,7.13
2025-08-10 06:15:10,31.99,62,2.06,Smoke,125.94,45.63,119.62,330.76,4.98
2025-08-10 09:10:48,34.99,55,1.54,Smoke,114.32,40.91,119.17,197.27,1.44
2025-08-10 12:18:55,35.99,52,4.12,Smoke,101.64,35.76,108.57,185,2.48
2025-08-10 15:09:52,30.99,70,1.03,Smoke,107.89,38.3,111.2,377.34,13.3
2025-08-10 18:13:34,29.99,74,3.09,Smoke,110.06,39.18,107.33,453.7,16.03
2025-08-10 21:09:22,28.99,84,1.54,Smoke,102.21,35.99,100.18,394.2,14.45
2025-08-11 00:56:17,27.99,78,2.06,Smoke,98.17,34.53,104.63,339.59,12.13
2025-08-11 04:00:37,31.99,74,2.43,Smoke,92.18,31.68,116.88,278.32,6.16
2025-08-11 06:18:18,35.99,52,2.06,Smoke,112.94,40.35,123.83,230.4,2.82
2025-08-11 09:16:54,36.99,47,2.06,Clouds,94.81,32.93,111.06,143.62,1.08
2025-08-11 16:03:48,32.99,58,4.12,Smoke,85.89,28.69,97.03,264.02,9.61
2025-08-11 18:15:39,31.99,62,3.09,Smoke,83.39,27.5,92.27,275.22,10.61
2025-08-11 21:10:40,29.99,70,2.06,Smoke,77.06,24.49,83.81,237.24,9.56
2025-08-12 00:50:31,28.99,84,2.06,Clouds,73.67,22.88,84.85,188.45,6.19
2025-08-12 03:43:23,28.99,89,3.09,Clouds,78.86,25.35,97.23,179.47,3.52
2025-08-12 06:16:45,29.99,84,4.12,Smoke,96.13,33.56,108.72,174.1,1.83
2025-08-12 09:13:09,29.99,84,2.06,Smoke,102.45,36.09,106.56,172.77,1.67
2025-08-12 15:11:29,28.99,84,2.06,Smoke,119.64,43.07,102.2,480.05,18.04
2025-08-12 18:15:48,28.99,84,1.03,Smoke,132.12,48.14,101.87,627.4,22.14
2025-08-12 21:10:15,27.99,89,1.03,Smoke,122.62,44.28,92.27,602.52,20.44
2025-08-13 00:51:42,27.99,83,1.54,Smoke,123.83,44.77,91.15,636.69,15.5
2025-08-13 03:45:15,28.99,84,1.03,Smoke,96.19,33.59,101.36,428.25,8
2025-08-13 06:16:26,32.99,66,1.03,Smoke,127.42,46.23,121.7,298.96,3.91
2025-08-13 09:13:57,35.99,52,2.06,Smoke,87.87,29.63,94.93,154.22,1.63
2025-08-13 12:20:05,34.99,55,3.09,Smoke,84.14,27.86,89.54,173.42,3.52
2025-08-13 15:09:28,31.99,66,2.06,Smoke,84.73,28.14,82.26,356.58,13.49
2025-08-13 18:15:22,30.99,74,1.03,Smoke,90.64,30.95,78.28,480.33,18.02
2025-08-13 21:10:06,29.99,79,2.06,Smoke,87.53,29.47,73.06,431.75,16.28
2025-08-14 00:51:53,29.99,79,2.06,Smoke,83.18,27.4,80.55,315.84,12.7
2025-08-14 03:45:58,27.99,94,3.09,Clouds,81.43,26.57,86.68,324.3,10.73
2025-08-14 06:16:24,26.99,94,3.09,Clouds,81.81,26.75,90.68,309.17,8.82
2025-08-14 09:14:15,26.99,94,1.54,Clouds,75.96,23.97,79.61,171.82,3.2
2025-08-14 12:20:42,27.99,89,4.12,Smoke,74.55,23.3,66.34,197.16,5.61
2025-08-14 15:11:35,27.99,83,2.06,Smoke,84.25,27.91,46.37,307.64,11.55
2025-08-14 18:15:34,26.99,89,2.06,Smoke,,35.45,46.93,350.91,11.57
2025-08-15 00:52:08,26.99,83,2.06,Smoke,110.43,39.33,47.41,421.3,11.57
2025-08-15 03:47:00,27.99,78,1.03,Smoke,118.14,42.46,53.65,467.29,9.37
2025-08-15 06:16:46,29.99,70,1.54,Smoke,143.6,52.8,66.52,456.62,7.93
2025-08-15 09:11:28,31.99,66,2.06,Smoke,85.8,28.65,47.1,201.48,2.22
2025-08-15 12:19:29,30.99,70,1.03,Smoke,94.74,32.9,49.41,319.53,8.25
2025-08-15 15:10:46,29.99,79,2.06,Smoke,151.81,57.06,74.07,585.23,18.4
2025-08-15 18:15:17,28.99,84,3.09,Smoke,154.22,61.74,75.8,684.24,19.2
2025-08-16 00:48:16,27.99,89,2.57,Mist,164.25,81.16,87.91,672.84,12.03
2025-08-16 06:14:28,32.99,66,1.54,Smoke,187.49,126.18,142.32,642.86,3.84
2025-08-16 09:10:43,34.99,59,1.03,Smoke,160.83,74.54,85.74,376.96,2.07
2025-08-16 12:17:43,34.99,59,1.03,Smoke,162.26,77.31,86.37,464.94,5.73
2025-08-16 15:09:07,32.99,70,2.06,Smoke,157.88,68.83,74.41,591.58,10.02
2025-08-16 18:12:39,30.99,79,2.06,Smoke,161.86,76.54,82.12,720.61,10.82
2025-08-16 21:08:47,29.99,84,3.09,Smoke,151.26,56.01,61.74,713.37,8.88
2025-08-17 00:55:36,27.99,94,2.06,Mist,108.07,38.37,49.17,681.93,8.24
2025-08-17 06:14:55,30.99,62,3.09,Clouds,148.79,54.91,69.6,635.57,5.71
2025-08-17 12:18:12,31.99,58,6.17,Smoke,95.71,33.36,35.48,552.64,6.98
2025-08-17 15:09:32,29.99,70,3.09,Smoke,75.27,23.64,27.21,573.83,9.69
2025-08-17 18:13:41,27.99,83,2.06,Smoke,76.22,24.09,28.1,593.89,10.5
2025-08-17 21:09:13,27.99,83,1.03,Smoke,77.25,24.58,29.02,514.66,8.41
2025-08-18 00:55:21,26.99,83,1.03,Smoke,90.54,30.9,38.6,516.31,8.41
2025-08-18 06:17:53,31.99,66,3.09,Smoke,101.49,35.7,44.37,524.85,9.39
2025-08-18 09:16:01,32.99,62,2.06,Smoke,87.02,29.23,32.41,484.82,8.17
2025-08-18 12:20:49,31.99,66,5.14,Smoke,98.25,34.57,36.87,551.35,10.81
2025-08-18 15:12:05,28.99,79,2.06,Smoke,77.37,24.64,27.31,560.08,12.03
2025-08-18 18:15:26,27.99,78,2.06,Clouds,89.23,30.28,34.17,605.19,13.45
2025-08-18 21:08:45,26.99,83,2.06,Smoke,97.64,34.28,38.27,599.23,12.42
2025-08-19 00:49:45,26.99,83,1.03,Smoke,117.52,42.21,46.57,587.71,10.36
2025-08-19 03:36:43,30.99,70,2.06,Smoke,151.05,55.59,61.66,609.74,10.41
2025-08-19 06:15:46,33.99,55,1.54,Clouds,154.05,61.4,67.01,587.79,9.77
2025-08-19 09:11:12,33.99,55,7.2,Clouds,107.11,37.98,40.87,446.61,6.32
2025-08-19 12:19:22,32.99,62,3.09,Clouds,98.09,34.49,36.69,479.41,8.28
2025-08-19 15:11:33,29.99,79,1.54,Clouds,124.61,45.09,52.13,633.29,16
2025-08-19 18:14:40,28.99,84,2.06,Smoke,142.34,52.29,61.05,755.89,18.05
2025-08-19 21:09:37,27.99,83,1.54,Smoke,129.98,47.27,53.86,706.94,15.65
2025-08-20 00:46:30,26.99,89,1.03,Smoke,120.8,43.54,49.04,624.43,12.44
2025-08-20 06:15:52,27.99,78,6.17,Clouds,158.24,69.52,73.64,500.98,4.24
2025-08-20 09:12:01,29.99,66,6.17,Clouds,144.41,53.13,55.21,339.94,1.55
2025-08-20 12:19:14,28.99,70,3.09,Clouds,147.83,54.52,57.04,378.69,3.77
2025-08-20 15:11:11,27.99,74,2.06,Clouds,153.37,60.09,65.48,554.08,11.73
2025-08-20 18:14:44,26.99,83,1.54,Clouds,152.73,58.86,66.26,658.23,15.22
2025-08-20 21:09:32,26.99,83,1.54,Smoke,151.05,55.6,62.09,674.23,15.13
2025-08-21 00:45:31,24.99,83,1.54,Smoke,145.91,53.74,59.37,686.3,13.51
2025-08-21 06:20:31,34.99,55,1.03,Clouds,171.94,96.06,101.3,569.63,4.09
2025-08-21 09:11:29,34.99,55,1.03,Smoke,141.53,51.96,53.86,315.09,1.39
2025-08-21 12:19:30,33.99,59,3.09,Smoke,152.71,58.82,62.41,402.66,5.7
2025-08-21 15:11:26,31.99,70,1.03,Smoke,151.04,55.58,63.71,632.13,18.74
2025-08-21 18:14:55,29.99,79,1.03,Smoke,154.54,62.36,73.55,795.03,24.05
2025-08-21 21:09:17,28.99,84,2.06,Smoke,155.64,64.48,73.83,828.93,22.42
2025-08-22 00:47:14,27.99,83,1.03,Smoke,157.85,68.76,77.45,883.18,19.62
2025-08-22 06:15:35,33.99,66,1.03,Clouds,178.45,108.66,123.91,709.01,6.1
2025-08-22 09:11:21,35.99,52,1.03,Smoke,122.67,44.3,50.14,294.04,1.31
2025-08-22 12:18:45,31.99,62,3.09,Smoke,136.16,49.78,56.63,378.47,5.35
2025-08-22 15:10:24,31.99,62,1.03,Smoke,155.86,64.92,76.69,703.46,21.01
2025-08-22 18:14:17,30.99,70,1.03,Smoke,156.38,65.91,79.19,801.42,22.13
2025-08-22 21:08:59,28.99,84,2.06,Smoke,152.23,57.89,71.96,711.67,18.03
2025-08-23 00:44:48,28.99,84,1.03,Smoke,144.58,53.2,78.89,647.43,14.19
2025-08-23 06:13:45,33.99,66,3.09,Clouds,156.95,67.02,117.22,526.27,4.61
2025-08-23 09:09:45,32.99,66,3.09,Rain,151.24,55.96,96.8,372.42,2.12
2025-08-23 12:16:39,28.99,79,2.06,Smoke,151.84,57.12,84.77,445.97,6.82
2025-08-23 15:08:40,28.99,79,2.06,Smoke,87.89,29.64,39.88,510.36,12.51
2025-08-23 18:12:07,28.99,79,1.03,Smoke,92.11,31.65,42.15,562.81,13.59
2025-08-24 00:53:45,27.99,83,2.06,Smoke,79.16,25.49,32.53,509.86,10.63
2025-08-24 06:14:11,24.99,88,3.09,Clouds,73.8,22.94,27.53,528.86,8.38
2025-08-24 09:09:47,24.99,94,1.54,Clouds,79.73,25.76,28.41,477.35,6.36
2025-08-24 12:17:13,26.99,83,2.06,Clouds,112.94,40.35,42,593.02,8.74
2025-08-24 15:09:02,24.99,88,2.06,Clouds,93.92,32.51,35.52,730.38,16.62
2025-08-24 18:12:55,24.99,88,2.06,Smoke,116.44,41.77,44.52,888.84,19.37
2025-08-25 00:50:12,24.99,83,2.06,Smoke,,55.48,57.2,880.68,15.69
2025-08-25 06:16:55,24.99,88,4.12,Clouds,105.78,37.44,38.76,579.28,7.85
2025-08-25 09:12:50,25.99,83,2.57,Smoke,98.15,34.52,35.53,459.15,5.61
2025-08-25 12:19:46,23.99,94,4.12,Clouds,103.31,36.44,37.49,438.01,6.21
2025-08-25 15:11:09,23.99,88,5.14,Rain,78.25,25.06,27.17,488.05,11.87
2025-08-25 18:15:10,23.99,94,3.09,Clouds,81.3,26.51,30.12,560.31,15.47
2025-08-25 21:09:20,22.99,94,3.09,Clouds,75.14,23.58,26.44,556.25,15.23
2025-08-26 00:47:29,22.99,100,1.54,Clouds,59.2,16,17.05,474.16,11.89
2025-08-26 06:16:13,25.99,89,1.03,Drizzle,68.08,20.22,22.09,524.57,9.29
2025-08-26 09:11:42,25.99,94,1.03,Clouds,108.98,38.74,40.56,529.17,6.85
2025-08-26 12:20:29,26.99,89,2.06,Mist,131.83,48.02,50.13,570.58,8.41
2025-08-26 15:10:41,25.99,94,1.03,Smoke,106.32,37.66,40.94,773.43,21.19
2025-08-26 18:14:06,25.99,94,2.06,Smoke,97.62,34.27,38.76,866.2,23.24
2025-08-26 21:08:59,25.99,89,2.06,Smoke,94.68,32.87,36.43,869.08,19.85
2025-08-27 00:46:08,24.99,94,2.06,Smoke,88.56,29.96,32.52,849.79,15.7
2025-08-27 06:15:19,29.99,74,3.09,Clouds,98.44,34.66,37.87,750.65,12.38
2025-08-27 09:11:12,30.99,74,2.06,Smoke,161.09,75.05,78.25,662.56,5.21
2025-08-27 12:18:58,30.99,70,2.06,Smoke,172.16,96.49,102.15,820.16,13.52
2025-08-27 15:11:09,28.99,84,2.06,Smoke,167.81,88.06,95.29,950.21,17.82
2025-08-27 18:14:08,27.99,83,2.06,Smoke,171.77,95.72,107.06,1132.97,20.9
2025-08-27 21:09:15,27.99,83,1.03,Smoke,170.92,94.08,104.55,1179.69,19.54
2025-08-28 00:45:28,26.99,83,2.06,Smoke,161.54,75.91,81.98,1082.76,15.56
2025-08-28 03:29:33,28.99,84,2.06,Smoke,156.58,66.3,73.23,1047.91,10
2025-08-28 06:15:39,31.99,70,2.06,Clouds,170.17,92.62,98.92,824.12,5.89
2025-08-28 09:11:16,33.99,62,1.03,Clouds,153.61,60.56,64.31,583.71,2.42
2025-08-28 12:19:13,33.99,62,2.06,Clouds,154.35,61.99,65.8,602.5,4.81
2025-08-28 15:10:38,30.99,70,1.03,Clouds,159.29,71.55,80.95,857.97,17.3
2025-08-28 18:14:16,29.99,70,2.06,Smoke,161.23,75.31,86.77,949.01,17.19
2025-08-28 21:09:21,28.99,79,1.03,Smoke,160.52,73.93,83,923.82,15.23
2025-08-29 00:45:50,28.99,74,1.03,Smoke,154.84,62.93,68.67,813.5,11.06
2025-08-29 06:15:37,30.99,79,3.6,Smoke,155.63,64.47,69.73,725.65,6.58
2025-08-29 09:11:06,28.99,84,2.57,Clouds,140.67,51.61,55.85,567.74,2.8
2025-08-29 12:18:26,29.99,84,1.54,Smoke,146.33,53.91,56.74,643.84,6.83
2025-08-29 15:08:38,27.99,94,2.57,Clouds,109.59,38.99,41.6,666.96,10.51
2025-08-29 18:13:42,26.99,94,2.06,Smoke,84.19,27.88,31.04,701.35,13.94
2025-08-29 21:09:01,26.99,94,2.06,Smoke,76.89,24.41,28.7,686.56,14.49
2025-08-30 00:43:21,26.99,94,2.06,Clouds,72.3,22.23,26.41,723.76,16.44
2025-08-30 03:22:47,27.99,83,3.09,Rain,70.31,21.28,23.9,781.44,17.46
2025-08-30 06:13:02,27.99,83,4.12,Smoke,65.01,18.76,21.35,729.52,15
2025-08-30 09:09:28,24.99,100,2.06,Thunderstorm,59.33,16.06,18.3,620.33,11.91
2025-08-30 12:16:59,24.99,100,3.09,Thunderstorm,61.64,17.16,19.15,632.13,12.32
2025-08-30 15:08:37,24.99,94,1.03,Smoke,97.54,34.23,37.12,867.02,19.56
2025-08-30 18:12:07,24.99,94,3.09,Smoke,118.36,42.55,46.33,881.92,18.44
2025-08-31 00:50:25,24.99,94,6.69,Thunderstorm,107.53,38.15,40.18,851.77,14.15
2025-08-31 06:13:43,25.99,89,2.06,Clouds,90.89,31.07,32.45,719.4,11.51
2025-08-31 09:09:21,25.99,89,2.06,Clouds,113.9,40.74,42.15,623.35,6.98
2025-08-31 12:17:08,24.99,94,1.03,Clouds,144.39,53.12,54.53,675.91,9.03
2025-08-31 15:08:45,24.99,94,1.03,Smoke,115.82,41.52,43.6,845.1,18.4
2025-08-31 18:12:25,24.99,88,1.03,Smoke,118.65,42.67,45.21,885.01,20.06
2025-09-01 00:56:36,24.99,94,1.03,Smoke,112.38,40.12,42.03,889.14,17.94
2025-09-01 06:17:23,25.99,83,4.12,Smoke,77.14,24.53,26.4,810.05,15.03
2025-09-01 09:13:15,25.99,83,3.09,Smoke,81.39,26.55,27.75,787.99,15.53
2025-09-01 12:19:55,26.99,78,3.09,Smoke,124.54,45.06,46.89,795.97,12.63
2025-09-01 15:10:02,25.99,83,8.23,Clouds,164.18,81.02,85.79,784.76,10.1
2025-09-01 18:13:34,23.99,88,4.12,Clouds,154.32,61.93,67.86,743.24,10.14
2025-09-02 00:46:15,22.99,94,1.03,Clouds,103.88,36.67,41.32,632.13,9.23
2025-09-02 06:16:13,22.99,100,3.09,Clouds,111.78,39.88,44.19,566.74,7.14
2025-09-02 09:11:51,24.99,83,1.03,Smoke,113.34,40.51,42.72,457.58,3.07
2025-09-02 12:19:59,24.99,83,3.6,Clouds,122.2,44.11,46.8,499.46,5.14
2025-09-02 15:10:45,23.99,94,2.06,Smoke,156.72,66.58,70.81,615,7.31
2025-09-02 18:12:47,23.99,94,1.03,Smoke,154.21,61.71,67.33,659.54,9.53
2025-09-03 00:43:24,22.99,94,3.09,Clouds,131.43,47.86,52.1,659.26,10.26
2025-09-03 06:14:41,23.99,88,4.12,Smoke,111.78,39.88,43.46,585.3,8.17
2025-09-03 09:10:25,26.99,83,2.06,Clouds,134.81,49.23,51.63,530.43,4.83
2025-09-03 12:18:57,28.99,74,1.54,Clouds,154.34,61.97,66.2,571.63,6.25
2025-09-03 15:10:42,26.99,83,1.54,Smoke,155.09,63.42,73.96,677.77,10.97
2025-09-03 18:14:11,26.99,83,1.03,Smoke,160.03,72.98,87.06,788.44,11.71
2025-09-04 00:43:48,24.99,94,1.54,Smoke,161.76,76.34,81.99,798.32,7.37
2025-09-04 03:22:04,26.99,83,3.09,Smoke,158.55,70.13,77.48,812.43,7.53
2025-09-04 06:14:57,29.99,66,3.09,Clouds,156.57,66.29,71.28,630.65,4.06
2025-09-04 09:11:06,30.99,62,4.12,Clouds,144.63,53.22,55.48,450.41,1.77
2025-09-04 12:19:00,30.99,62,3.09,Clouds,146.58,54.01,56.94,438.95,3.4
2025-09-04 15:10:27,27.99,78,1.03,Clouds,127.99,46.46,53.14,432.25,8.07
2025-09-04 18:13:49,26.99,83,2.57,Clear,143.75,52.86,63.4,507.82,9.33
2025-09-04 21:09:01,25.99,89,1.54,Smoke,151.55,56.57,65.56,498.55,7.46
2025-09-05 00:44:46,24.99,88,2.06,Smoke,152.38,58.18,63.95,557.45,6.74
2025-09-05 06:15:14,29.99,70,1.03,Smoke,161.13,75.11,83.41,511.27,2.63
2025-09-05 09:11:10,32.99,55,2.06,Smoke,125.06,45.27,48.49,281.45,1.15
2025-09-05 12:18:13,33.99,55,1.03,Clouds,142.49,52.35,56.95,325.38,3.13
2025-09-05 15:10:34,30.99,70,1.03,Smoke,113.24,40.47,50.85,478.29,10.26
2025-09-05 18:13:39,28.99,79,2.06,Smoke,114.17,40.85,53.61,540.72,10.22
2025-09-05 21:08:43,27.99,83,0,Smoke,104.62,36.97,46.33,472.64,6.96
2025-09-06 00:43:36,27.99,83,2.06,Smoke,101.57,35.73,43.1,423.59,4.88
2025-09-06 06:13:11,29.99,74,1.03,Smoke,130.5,47.48,53.56,383.69,2.35
2025-09-06 09:09:05,31.99,66,2.06,Smoke,57.35,15.12,16.1,228.12,0.92
2025-09-06 12:16:01,31.99,66,2.06,Smoke,78.51,25.18,26.8,287.24,3.08
2025-09-06 15:08:17,28.99,79,2.06,Smoke,56.03,14.49,17.49,305.1,4.73
2025-09-06 18:11:47,27.99,78,1.03,Smoke,61.47,17.08,21.06,319.57,4.55
2025-09-07 00:49:52,26.99,83,1.03,Smoke,79.81,25.8,27.4,327.8,3.27
2025-09-07 06:13:09,27.99,78,6.17,Clouds,73.42,22.76,24.72,382.48,5.54
2025-09-07 12:16:28,29.99,74,2.06,Clouds,51.13,12.16,13.62,377.34,5.91
2025-09-07 15:08:20,27.99,83,2.06,Clouds,43.58,10.46,14.12,374.3,6.84
2025-09-07 18:12:11,27.99,83,2.06,Smoke,57.46,15.17,20.67,402.26,6.66
2025-09-07 21:08:14,26.99,89,2.06,Smoke,68.96,20.64,25.17,384.3,5.08
2025-09-08 00:48:13,25.99,89,1.03,Smoke,86.31,28.89,32.27,388.76,3.92
2025-09-08 03:33:05,28.99,79,2.06,Smoke,97.83,34.37,38.54,414.34,4.79
2025-09-08 06:16:28,31.99,62,3.09,Clouds,110.21,39.24,43.66,405.2,4.09
2025-09-08 09:12:58,32.99,62,3.09,Clouds,75.18,23.6,26.14,265.91,1.52
2025-09-08 12:19:55,28.99,94,8.23,Thunderstorm,93.69,32.4,35.74,331.51,4.48
2025-09-08 15:09:53,24.99,94,1.03,Thunderstorm,119.49,43.01,51.21,528.19,9.3
2025-09-08 18:14:55,24.99,88,3.09,Smoke,140.57,51.57,62.31,599.88,9.28
2025-09-08 21:09:02,24.99,88,3.09,Smoke,149.51,55.2,62.51,567.34,7.05
2025-09-09 00:45:18,23.99,94,0,Smoke,151.78,57.02,62.16,564.92,6.03
2025-09-09 06:15:38,30.99,66,2.06,Clouds,156.65,66.45,79.96,487.52,2.64
2025-09-09 09:11:36,33.99,55,1.03,Smoke,81.79,26.74,36.14,231.51,0.82
2025-09-09 12:20:07,32.99,62,3.09,Smoke,84.14,27.86,37.27,263.7,2.25
2025-09-09 15:11:15,29.99,74,3.09,Smoke,88.16,29.77,50.26,476.09,12.01
2025-09-09 18:12:38,28.99,79,1.03,Smoke,96.95,33.95,59.43,586.83,13.61
2025-09-09 21:08:40,27.99,78,1.03,Smoke,90.66,30.96,54.71,521.41,10.31
2025-09-10 00:44:09,26.99,89,1.54,Smoke,90.87,31.06,57.47,471.06,7.1
2025-09-10 06:15:29,32.99,55,4.12,Clouds,119.66,43.08,85.94,315.2,1.92
2025-09-10 09:11:07,34.99,55,4.12,Clouds,64.69,18.61,37.89,148.97,0.71
2025-09-10 12:18:23,33.99,55,3.09,Clouds,69.51,20.9,45.68,168.34,2.01
2025-09-10 15:10:16,30.99,66,1.03,Smoke,72.91,22.52,54.45,273.68,6.97
2025-09-10 18:14:28,28.99,79,2.06,Smoke,73.84,22.96,57.96,304.37,7.28
2025-09-10 21:09:23,27.99,78,3.09,Smoke,68.1,20.23,58.11,256.98,5.38
2025-09-11 00:44:52,26.99,78,2.57,Smoke,69.28,20.79,74.23,196.65,3.42
2025-09-11 06:15:45,32.99,55,1.03,Clear,85.3,28.41,90.14,157.04,1.25
2025-09-11 12:18:02,33.99,49,3.09,Smoke,74.51,23.28,65.3,166.02,2.1
2025-09-11 15:10:18,30.99,55,2.06,Smoke,79.58,25.69,70.88,261.25,6.88
2025-09-11 18:12:02,29.99,62,0,Smoke,80.44,26.1,72.36,298.63,7.66
2025-09-11 21:08:29,28.99,70,1.03,Smoke,76.64,24.29,71.47,257.85,5.83
2025-09-12 00:43:25,27.99,74,1.03,Smoke,73.02,22.57,72.89,208.68,4.12
2025-09-12 06:15:15,31.99,58,3.09,Clouds,86.02,28.75,91.41,179.99,1.67
2025-09-12 09:12:12,34.99,52,2.06,Clouds,69.09,20.7,57.4,145.86,1
2025-09-12 12:18:21,34.99,52,2.06,Clouds,72.49,22.32,60.7,172.94,2.33
2025-09-12 15:10:03,31.99,58,3.09,Clouds,81.58,26.64,66.49,404.78,12.09
2025-09-12 18:12:47,30.99,66,2.06,Smoke,91.88,31.54,74.07,514.81,13.23
2025-09-13 00:41:42,26.99,78,1.03,Smoke,89.04,30.19,73.99,405.51,7.22
2025-09-13 06:13:03,32.99,62,1.54,Clouds,117.47,42.19,114.93,263.75,1.72
2025-09-13 12:16:22,34.99,52,3.09,Clouds,69.49,20.89,56.4,160.46,1.6
2025-09-13 15:07:54,30.99,66,1.54,Clouds,72.09,22.13,52.05,338.43,8.95
2025-09-13 18:11:44,29.99,70,2.06,Smoke,77.54,24.72,56.4,401.24,9.64
2025-09-13 21:07:49,28.99,79,2.06,Smoke,77.77,24.83,57.41,362.74,7.85
2025-09-14 00:48:13,26.99,78,2.06,Smoke,84.67,28.11,72.31,346.03,6.26
2025-09-14 06:13:24,34.99,49,2.06,Clear,121.12,43.67,115.42,282.22,1.88
2025-09-14 12:16:22,35.99,46,2.06,Clouds,73.08,22.6,60.62,177.57,1.91
2025-09-14 15:08:14,31.99,55,1.03,Clouds,69.65,20.97,47.75,347.03,9.73
2025-09-15 00:48:50,27.99,78,1.03,Smoke,76.82,24.38,67.98,314,6.12
2025-09-15 06:16:41,34.99,52,1.03,Clear,121.76,43.93,114.81,299.22,2.44
2025-09-15 12:19:15,35.99,46,1.03,Clouds,76.91,24.42,62.95,176.4,2.25
2025-09-15 15:11:28,32.99,58,2.06,Smoke,74.62,23.33,53.54,348.63,9.22
2025-09-15 18:14:49,30.99,70,2.06,Smoke,76.34,24.15,53.19,384,9.73
2025-09-16 00:44:00,28.99,79,1.03,Smoke,72.11,22.14,65.92,243.59,5.07
2025-09-16 06:15:24,34.99,52,2.06,Clouds,105.31,37.25,102.73,249.78,2.31
2025-09-16 09:11:37,36.99,44,2.06,Clouds,74.55,23.3,62.1,149.76,0.83
2025-09-16 12:19:13,35.99,44,3.09,Clouds,79.54,25.67,61.31,206.19,3.56
2025-09-16 15:10:46,31.99,58,2.06,Smoke,85.7,28.6,63.22,375.83,10.78
2025-09-16 18:14:47,29.99,66,1.03,Smoke,93.99,32.54,66.76,429.65,10.77
2025-09-16 21:08:43,28.99,70,1.03,Smoke,87.66,29.53,59.61,339.95,7.25
2025-09-17 00:44:16,27.99,74,0,Smoke,84.02,27.8,60.37,307.25,5.94
2025-09-17 06:15:55,34.99,52,2.06,Smoke,141.43,51.92,102.72,348.74,2.63
2025-09-17 09:11:08,36.99,44,1.03,Clouds,102.08,35.94,87.09,191.07,0.9
2025-09-17 12:19:27,34.99,52,2.06,Clouds,102.16,35.97,85.66,219.25,2.67
2025-09-17 18:14:22,29.99,66,2.06,Smoke,109.59,38.99,87.78,573.33,15.43
2025-09-17 21:08:35,28.99,70,3.09,Smoke,101.69,35.78,78.32,519.15,11.74
2025-09-18 00:43:31,27.99,78,1.03,Smoke,93.08,32.11,76.11,412.97,7.88
2025-09-18 06:15:27,34.99,52,2.06,Clouds,122.45,44.21,105.88,348.19,3.7
2025-09-18 09:11:13,36.99,44,1.03,Clouds,93.48,32.3,82.21,188.29,1.09
2025-09-18 12:18:24,35.99,46,4.12,Clouds,107.7,38.22,83.29,291.95,5.54
2025-09-18 15:10:23,31.99,58,2.06,Smoke,98.46,34.67,94.06,407.43,12.34
2025-09-18 18:14:58,30.99,58,2.06,Smoke,112.11,40.01,99.17,485.47,13.36
2025-09-18 21:09:02,29.99,66,2.06,Smoke,111.64,39.82,94.44,399.36,9.21
2025-09-19 00:45:42,27.99,74,1.03,Smoke,113.78,40.69,93.9,364.41,7.18
2025-09-19 06:15:29,34.99,43,3.09,Clouds,151.14,55.78,116.5,302.81,2.67
2025-09-19 12:19:33,34.99,43,2.06,Haze,123.09,44.47,103.35,257.81,3.98
2025-09-19 15:10:02,28.99,70,1.03,Smoke,96.07,33.53,77.9,435.26,12.52
2025-09-20 00:43:01,25.99,83,1.54,Smoke,106.96,37.92,77.77,490.47,8.63
2025-09-20 06:13:39,32.99,52,1.03,Clear,146.58,54.01,104.25,444.02,3.45
2025-09-20 09:09:32,34.99,49,3.09,Clouds,81.49,26.6,76.53,159.19,0.58
2025-09-20 12:16:48,34.99,49,1.03,Clouds,89.59,30.45,83.09,184,1.96
2025-09-20 18:12:07,29.99,70,2.06,Smoke,104.2,36.8,83.65,423.64,10.85
2025-09-20 21:07:38,28.99,79,2.06,Smoke,103.22,36.4,79.78,413.07,9.79
2025-09-21 00:50:17,27.99,78,1.03,Smoke,104.59,36.96,76.79,425.17,8.43
2025-09-21 12:16:57,35.99,49,2.06,Smoke,94.6,32.83,89.26,195.04,3.13
2025-09-21 15:08:26,31.99,55,3.09,Smoke,101.25,35.6,83.28,371.96,10.8
2025-09-21 18:12:33,29.99,58,1.03,Smoke,110.21,39.24,84.89,473.2,12.82
2025-09-22 00:50:00,27.99,69,1.03,Smoke,107.23,38.03,78.91,422.66,8.56
2025-09-22 06:16:22,33.99,46,2.06,Clear,122.42,44.2,130.62,274.27,2.39
2025-09-22 09:13:23,35.99,38,2.06,Clear,101.17,35.57,102.44,161.29,0.94
2025-09-22 12:19:13,35.99,38,3.09,Clear,101.71,35.79,93.15,223.47,4.06
2025-09-22 18:14:48,29.99,51,1.03,Smoke,107.87,38.29,80.67,571.69,15.26
2025-09-23 00:44:30,26.99,69,1.03,Smoke,94.24,32.66,68.17,468.05,8.98
2025-09-23 06:15:44,34.99,41,1.54,Clear,112.75,40.27,114.02,293.52,2.62
2025-09-23 09:11:26,36.99,32,3.09,Clear,95.37,33.2,96.21,164.75,1
2025-09-23 12:19:01,35.99,36,2.06,Clear,101.96,35.89,95.55,219.43,3.72
2025-09-23 15:10:36,30.99,55,3.09,Clear,98.57,34.72,82.08,421.85,12.65
2025-09-23 18:15:13,28.99,58,0,Smoke,104.13,36.77,81.94,518.32,14.03
2025-09-23 21:08:52,27.99,65,0,Smoke,96.38,33.68,72.87,471.07,11.42
2025-09-24 00:45:13,26.99,69,1.54,Smoke,86.14,28.81,70.07,352.55,7.17
2025-09-24 03:25:23,27.99,65,3.09,Smoke,86.84,29.14,82.71,360.48,5.91
2025-09-24 06:15:19,32.99,52,2.06,Clear,112.08,40,114.87,287.47,2.81
2025-09-24 09:11:37,35.99,34,4.12,Clear,88.79,30.07,88.14,155.78,0.88
2025-09-24 12:19:48,34.54,37,1.96,Clear,90.43,30.85,84.78,187.74,2.95
2025-09-24 15:10:31,30.99,58,1.54,Smoke,98.97,34.91,84.48,404.13,11.8
2025-09-24 18:15:20,28.99,65,0,Smoke,108.02,38.35,88.76,499.5,12.96
2025-09-25 00:45:20,25.99,73,1.54,Smoke,94.64,32.85,75.28,401.93,8.18
2025-09-25 06:15:44,33.99,43,1.03,Clear,125.92,45.62,119.29,351.98,3.51
2025-09-25 09:11:29,37.99,34,3.09,Clear,81.89,26.79,77.74,148.52,0.84
2025-09-25 12:20:12,35.99,38,3.09,Clear,87.17,29.3,78.75,207.21,3.89
2025-09-25 15:10:55,30.15,46,2.2,Clear,97.96,34.43,80.71,439.92,13.11
2025-09-25 18:15:23,29.99,58,1.03,Smoke,109.84,39.09,88.21,552.21,14.59
2025-09-25 21:09:21,28.99,65,1.03,Smoke,111.42,39.73,85.55,568.95,13.48
2025-09-26 00:44:44,25.99,73,2.06,Smoke,113.48,40.57,82.34,590.68,11.25
2025-09-26 06:15:16,34.81,31,0.52,Clear,158.18,69.41,122.61,629.26,5.82
2025-09-26 09:11:14,35.99,44,4.12,Haze,108.73,38.64,93.76,182.4,0.98
2025-09-26 12:18:58,35.99,44,3.09,Haze,123.87,44.79,100.56,255.26,4.7
2025-09-26 15:10:17,30.79,46,2.24,Clear,151.71,56.87,113.73,499.34,13.84
2025-09-27 00:43:13,26.99,74,0,Smoke,151.05,55.6,108.94,541.36,9.33
2025-09-27 06:13:06,32.99,52,2.06,Smoke,160.58,74.06,136,529.2,4.48
2025-09-27 09:09:15,35.99,38,2.06,Haze,151.95,57.34,119.86,226.36,0.78
2025-09-27 12:16:44,36.99,36,3.09,Haze,156.14,65.45,124.8,312.9,4.57
2025-09-27 15:08:09,32.99,52,2.06,Smoke,160.78,74.45,135.2,545.06,12.65
2025-09-27 18:12:23,29.99,58,0,Smoke,162.28,77.35,139.33,612.09,12.72
2025-09-27 21:08:02,28.99,65,0,Smoke,,-9998999486464,-9998999486464,581.12,10.33
2025-09-28 00:51:08,25.99,83,1.03,Smoke,164.54,81.72,-9998999486464,642.92,9.08
2025-09-28 03:33:33,29.99,66,0,Smoke,,-9998999486464,-9998999486464,708.9,6.92
2025-09-28 06:14:00,32.99,55,2.06,Clear,180.09,111.83,174.26,702.63,4.1
2025-09-28 09:09:16,35.94,37,2.21,Clear,162.09,76.98,122.58,315.97,1.04
2025-09-28 12:17:04,34.44,43,1.91,Clear,166.88,86.26,-9998999486464,410.2,5.04
2025-09-28 15:08:07,30.86,50,1.92,Clear,168.77,89.91,131.84,575.8,12.27
2025-09-28 18:12:14,29.99,62,1.03,Smoke,171.89,95.95,137.51,618.98,10.63
2025-09-29 00:46:43,26.99,78,0,Smoke,172.93,97.98,127.42,594.68,6.78
2025-09-29 06:17:33,34.64,40,0.57,Clear,179.81,111.3,139.89,629.84,4.32
2025-09-29 12:19:51,33.99,55,2.06,Smoke,156.62,66.38,79.92,390.99,4.56
2025-09-29 15:10:32,31.99,62,1.03,Smoke,161.5,75.84,91.98,549.24,9.58
2025-09-29 18:15:14,29.43,51,1.56,Clear,166.06,84.67,102.81,627.09,9.15
2025-09-29 21:08:35,28.14,58,1.83,Clear,167.35,87.16,102.53,589.81,6.62
2025-09-30 00:45:30,25.99,78,1.03,Mist,170.18,92.64,108.85,626.1,6.77
2025-09-30 03:25:10,28.99,74,1.54,Smoke,172.77,97.66,117.57,730.84,8.13
2025-09-30 06:15:56,33.99,55,0,Smoke,176.8,105.47,122.84,588.4,3.62
2025-09-30 12:20:07,34.99,46,1.03,Haze,157.68,68.43,79.15,361.64,4
2025-09-30 18:14:20,29.15,53,2.97,Clear,163.57,79.84,98.06,648.05,10.72
2025-10-01 00:52:23,26.99,78,1.03,Smoke,162.7,78.16,96.88,614.36,7.7
2025-10-01 06:15:19,30.99,62,2.06,Smoke,164.16,80.98,116.15,588.65,3.97
2025-10-01 09:11:55,33.99,55,1.03,Smoke,156.31,65.79,91.58,374.86,1.91
2025-10-01 12:20:03,34.99,46,2.06,Haze,159.17,71.32,100.26,495.87,8.52
2025-10-01 15:10:20,31.99,58,2.06,Smoke,156.79,66.71,95,604.43,14.46
2025-10-01 18:14:28,29.99,70,1.03,Smoke,158.44,69.91,96.67,649.13,11.87
2025-10-02 00:44:02,26.82,60,1.23,Clear,158.2,69.45,94.41,563.77,6.54
2025-10-02 06:15:03,34.01,40,2.15,Clear,162.88,78.5,130.86,607.18,5.04
2025-10-02 12:18:22,34.99,46,2.06,Haze,155.59,64.39,93.39,404.54,6.47
2025-10-02 15:10:15,31.99,58,1.03,Smoke,159.14,71.27,101.96,618.23,12.87
2025-10-02 18:14:15,29.99,66,2.06,Smoke,163.59,79.89,111.46,695.28,11.95
2025-10-03 00:44:14,26.28,67,2.4,Clear,170.09,92.48,119.63,673.09,6.77
2025-10-03 06:14:55,28.99,54,2.06,Clouds,186.91,125.05,160.21,838.6,5.25
2025-10-03 09:10:47,35.44,37,2.38,Clear,159.43,71.82,95.34,353.78,1.1
2025-10-03 12:18:35,32.99,33,2.57,Clear,164.78,82.18,109.26,471.62,6.25
2025-10-03 15:10:00,30.32,51,3.12,Clear,165.33,83.26,111.58,660.99,13.54
2025-10-03 18:14:01,26.99,57,1.03,Smoke,167.41,87.28,117.58,760.23,13.36
2025-10-03 21:08:25,27.19,65,1.61,Clear,164.35,81.36,104.57,681.92,8.96
2025-10-04 00:42:03,25.56,71,1.2,Clear,163.43,79.58,101.07,636.89,6.64
2025-10-04 06:13:24,33.42,43,2.12,Clear,168.45,89.29,115.74,635.06,4.01
2025-10-04 12:16:24,32.99,43,1.03,Haze,154.04,61.38,83.94,422.65,6.81
2025-10-04 18:12:19,27.74,54,2.46,Clear,158.95,70.9,95.5,565.48,8
2025-10-04 21:07:56,26.5,58,2.89,Rain,157.83,68.72,92.39,496,5.09
2025-10-05 00:50:08,19.99,94,3.09,Clouds,156.57,66.28,84.69,438.99,2.99
2025-10-05 06:13:20,24.99,61,5.14,Clear,151.49,56.44,83.43,378.83,2.16
2025-10-05 12:16:38,23.13,58,8.84,Clear,96.51,33.74,71.96,243.07,2.82
2025-10-05 18:12:33,24.99,73,1.03,Smoke,97.94,34.42,59.24,316.34,5.74
2025-10-06 00:45:57,21.96,78,2.15,Clouds,67.87,20.12,26.68,243.83,3.46
2025-10-06 06:16:14,26.74,54,6.23,Clouds,60.44,16.59,27.43,254.93,6.76
2025-10-06 09:13:35,21.99,78,4.12,Clouds,46.46,11.15,17.24,214.63,6.35
2025-10-06 12:19:31,22.52,71,3.83,Clouds,55.67,14.32,20.33,311.24,9.46
2025-10-10 18:14:50,23.99,64,1.03,Smoke,154.38,62.05,105.86,746.69,15.5
2025-10-11 00:42:56,20.99,78,1.03,Smoke,153.73,60.79,97.31,652.95,7.74
2025-10-11 03:20:27,22.99,68,2.06,Smoke,154.35,61.98,103.59,741.59,8.76
2025-10-11 06:13:16,27.99,51,3.09,Smoke,158.98,70.95,114.95,706.71,4.71
2025-10-11 09:09:18,30.99,40,3.09,Haze,126.12,45.7,106.22,262.89,0.84
2025-10-11 12:16:52,28.13,36,2.17,Clear,145.4,53.53,112.68,396.89,7.15
2025-10-11 18:11:55,24.99,65,2.06,Smoke,156.2,65.57,129.37,666.44,13.6
2025-10-11 21:07:48,23.99,69,2.06,Smoke,159.59,72.13,138.52,717.57,12.55
2025-10-12 00:47:46,20.99,78,2.06,Smoke,162.39,77.56,153.42,753.34,10.54
2025-10-12 06:13:38,29.68,31,1.03,Clear,169.43,91.2,185.8,705.43,5.01
2025-10-12 09:09:29,32.99,33,2.57,Clear,152.74,58.87,147.96,237.12,0.77
2025-10-12 12:16:55,31.99,35,2.06,Clear,155.59,64.38,145.78,374.56,7.87
2025-10-12 18:12:31,25.99,61,0,Smoke,163.4,79.52,158.02,608.99,11.01
2025-10-12 21:08:16,23.99,64,0,Smoke,159.98,72.89,142.94,557.62,8.38
2025-10-13 00:49:34,21.06,48,0.73,Clear,159.37,71.72,139.43,556.14,7.51
2025-10-13 06:17:04,29.77,29,0.73,Clear,163.9,80.49,160.24,604.18,5.59
2025-10-13 09:13:31,31.99,31,2.06,Clear,156.82,66.77,152.34,270.41,1.62
2025-10-13 12:19:40,30.99,33,1.03,Clear,161.12,75.1,155.23,450.63,10.2
2025-10-13 15:10:28,25.99,44,1.03,Haze,165.22,83.05,152.29,660.38,16.65
2025-10-13 18:14:21,24.99,53,0,Smoke,165.67,83.91,145.49,680.94,13.89
2025-10-13 21:09:23,22.99,64,0,Smoke,164.16,80.98,130.73,629.51,10.44
2025-10-14 00:44:49,20.99,78,0,Smoke,163.32,79.37,121.99,595.88,8.33
2025-10-14 03:27:56,22.99,68,0,Smoke,162.5,77.78,125.88,655.9,9.29
2025-10-14 06:16:11,29.99,35,2.06,Haze,164.23,81.12,141.7,615.2,5.84
2025-10-14 09:11:54,31.99,27,4.12,Haze,152.09,57.62,135.86,222.86,1.71
2025-10-14 12:20:20,31.99,29,2.06,Haze,156.28,65.72,140.89,417.32,10.99
2025-10-14 15:11:29,27.99,47,0,Smoke,154.54,62.35,119.1,567.1,15.68
2025-10-14 18:15:30,24.99,57,1.03,Smoke,154.72,62.71,110.73,574.39,13.15
2025-10-15 00:46:20,20.99,68,2.06,Smoke,155.09,63.43,100.43,490.66,7.76
2025-10-15 06:15:49,29.99,39,1.03,Haze,158.29,69.61,127.33,532.93,5.85
2025-10-15 09:12:00,31.99,31,1.03,Haze,140.52,51.55,123.77,220.81,1.7
2025-10-15 12:20:54,30.99,35,1.03,Haze,152.91,59.2,124.59,422.59,11.09
2025-10-15 15:11:03,26.99,50,1.03,Smoke,154.74,62.74,110.37,592.93,15.17
2025-10-15 18:15:30,24.99,61,2.06,Smoke,159.32,71.61,117.18,660.71,13.92
2025-10-15 21:09:14,23.99,64,0,Smoke,161.47,75.77,116.28,640.97,10.87
2025-10-16 00:46:16,20.99,78,0,Smoke,166.03,84.61,125.93,690.09,9.99
2025-10-16 03:30:53,22.99,68,0,Smoke,166.76,86.02,132.44,780.75,11.5
2025-10-16 06:15:54,29.99,39,2.06,Haze,166.19,84.91,131.92,712.31,6.88
2025-10-16 09:12:06,32.99,31,2.06,Haze,156.37,65.9,100.37,319.56,1.64
2025-10-16 12:20:23,31.99,33,2.06,Haze,161.97,76.74,114.1,518.1,11.16
2025-10-16 15:11:11,27.99,47,0,Smoke,169.71,91.73,141.18,734.37,17.7
2025-10-16 21:09:32,23.99,69,0,Smoke,176.73,105.33,152.16,692.32,8.73
2025-10-17 00:45:35,20.99,83,0,Mist,180.97,113.55,159.8,728.64,7.41
2025-10-17 06:15:31,28.99,45,1.03,Haze,181.99,115.52,166.97,838.17,6.98
2025-10-17 09:12:03,31.99,35,1.03,Haze,160.64,74.17,110.46,333.75,1.21
2025-10-17 12:19:30,30.99,40,1.03,Haze,165.87,84.3,124.78,539.87,11.6
2025-10-17 15:10:22,27.99,51,1.03,Smoke,169.77,91.85,137.69,734.17,16.6
2025-10-17 18:13:02,25.99,57,0,Smoke,174.74,101.48,149.27,766.18,13.05
2025-10-18 00:43:04,20.99,83,2.06,Mist,180.66,112.94,152.34,728.83,6.95
2025-10-18 06:13:51,28.99,39,1.03,Haze,177.73,107.27,147.62,770.91,4.83
2025-10-18 09:09:42,31.99,35,2.06,Haze,152.04,57.52,78.82,282.37,1.23
2025-10-18 12:17:15,30.99,37,2.06,Haze,155.99,65.17,89.98,434.41,8.8
2025-10-18 15:09:10,26.99,54,1.03,Smoke,163.07,78.87,110.29,626.98,12.85
2025-10-18 18:12:36,24.99,61,0,Smoke,166.73,85.97,118.47,646.85,9.44
2025-10-19 00:53:12,20.99,83,1.03,Smoke,173.89,99.84,130.23,634.06,5.3
2025-10-19 06:14:29,28.99,42,2.06,Haze,175.07,102.11,137.42,737.79,4.44
2025-10-19 12:17:18,30.99,37,1.03,Haze,130.2,47.36,63.97,392.43,7.83
2025-10-19 18:12:53,24.99,73,0,Smoke,158.59,70.2,97.6,565.33,9.46
2025-10-19 21:08:30,22.99,78,0,Smoke,162.51,77.8,103.61,552.76,6.84
2025-10-20 00:50:57,20.99,83,0,Mist,169.19,90.72,120.42,643.19,6.15
2025-10-20 06:16:36,29.99,39,1.03,Haze,177.73,107.26,147.21,823.76,6.29
2025-10-20 09:13:00,31.99,33,2.06,Haze,152.94,59.26,79.09,284.92,1.38
2025-10-20 12:20:05,30.99,37,2.06,Haze,156.92,66.97,91.94,453.35,9.52
2025-10-20 15:10:55,27.99,44,0,Haze,162.5,77.78,107.57,653.95,12.91
2025-10-20 18:16:07,24.99,65,1.03,Smoke,164.51,81.66,111.44,740.63,10.82
2025-10-21 00:47:33,19.99,77,0,Mist,177.06,105.98,135.21,1047.83,9.84
2025-10-21 06:16:22,29.99,39,2.06,Haze,170.29,92.85,124.4,901.03,8.3
2025-10-21 09:12:02,32.99,31,2.06,Haze,159.98,72.9,95.57,438.07,3.37
2025-10-21 12:20:32,31.99,35,1.03,Haze,167.83,88.09,116.48,642.01,12.86
2025-10-21 15:12:03,27.99,44,2.06,Haze,160.93,74.74,104.51,675.01,14.1
2025-10-21 18:14:32,24.99,53,1.03,Smoke,166.21,84.96,118.01,773.38,12.94
2025-10-22 00:48:31,19.99,77,0,Smoke,180.11,111.88,141.34,991.77,10.6
2025-10-22 06:16:20,27.99,44,2.06,Haze,184.32,120.04,156.13,1097.89,8
2025-10-22 09:13:07,30.99,33,2.06,Haze,155.09,63.42,96.73,348.56,1.51
2025-10-22 12:23:06,30.99,33,1.03,Haze,158.55,70.13,107.55,525.36,11.23
2025-10-23 00:46:34,19.99,77,3.09,Smoke,170.45,93.17,137.41,928.96,14.23
2025-10-23 06:15:53,27.99,47,1.03,Smoke,179.57,110.83,160.94,1124.59,10.47
2025-10-23 12:20:21,30.99,33,2.06,Haze,159.03,71.06,110.94,529.47,11.75
2025-10-23 15:11:13,27.99,44,2.06,Haze,160.09,73.1,118.29,716.67,18.56
2025-10-23 18:15:16,24.99,53,0,Smoke,166.07,84.69,132.73,792.28,16.41
2025-10-23 21:09:40,23.99,60,2.06,Smoke,168.95,90.26,133.97,770.49,12.58
2025-10-24 00:43:30,19.99,77,1.03,Smoke,173.93,99.91,145.77,823.36,10.39
2025-10-24 06:15:17,28.99,45,1.03,Haze,173.59,99.25,158.09,862.98,7.72
2025-10-24 09:12:33,31.99,29,2.06,Haze,151.03,55.56,93.01,310.02,1.87
2025-10-24 12:20:13,30.99,33,1.03,Haze,155.94,65.06,104.88,519.94,12.12
2025-10-24 18:15:17,23.99,64,0,Smoke,160.08,73.09,114.32,678.49,13.5
2025-10-24 21:09:33,21.99,73,0,Smoke,159.92,72.78,107.78,631.32,10
2025-10-25 00:45:15,18.99,82,0,Mist,166.72,85.94,121.81,719.34,9.25
2025-10-25 06:13:51,27.99,51,1.03,Smoke,167.28,87.03,126.7,790.81,6.81
2025-10-25 09:09:37,30.99,37,2.06,Haze,152.95,59.28,94.03,303.95,1.46
2025-10-25 12:16:57,29.99,39,1.03,Haze,156.76,66.65,103.51,438.69,9.04
2025-10-25 18:12:59,22.99,68,3.09,Smoke,159.84,72.63,110.85,627.21,9.88
2025-10-26 00:51:11,18.99,88,0,Mist,163.6,79.9,112.95,666.66,6.97
2025-10-26 06:14:10,27.99,47,2.06,Smoke,170.93,94.09,134.06,822.16,5.47
2025-10-26 12:17:30,29.99,39,1.03,Haze,158.73,70.47,110.58,505.73,9.17
2025-10-27 00:52:54,18.99,88,0,Mist,190.97,132.92,177.96,928.88,8.32
2025-10-27 06:17:48,26.99,54,2.06,Smoke,184.1,119.61,172.1,915.37,7.16
2025-10-27 09:14:12,30.99,37,2.06,Haze,158.1,69.26,121.12,319.37,1.28
2025-10-27 12:20:31,29.99,42,2.06,Haze,163.89,80.46,135.74,522.74,10.86
2025-10-27 18:15:50,24.99,57,0,Smoke,181.32,114.23,179.28,844.72,13.36
2025-10-28 00:45:34,18.99,82,1.03,Mist,193.47,137.75,189.76,1141.44,11.45
2025-10-28 06:16:15,26.99,54,1.03,Smoke,192.62,136.11,192.53,1150.27,8.07
2025-10-28 09:11:54,28.99,45,2.06,Haze,166.06,84.66,131.84,421.81,1.62
2025-10-28 12:19:49,28.99,51,0,Smoke,171.87,95.91,144.67,615.1,11.21
2025-10-28 15:12:04,25.99,65,0,Smoke,179.78,111.24,167.21,817.73,16.24
2025-10-28 18:15:45,23.99,69,1.03,Smoke,181.38,114.33,165.73,902.11,14.27
2025-10-29 00:50:24,19.99,83,0,Smoke,216.66,166.3,213.86,1115.82,9.59
2025-10-29 03:42:27,19.99,77,2.06,Mist,232.49,182.28,236.12,1324.55,11.33
2025-10-29 06:16:27,25.99,53,1.03,Smoke,231.68,181.46,233.92,1262.85,7.04
2025-10-29 09:11:26,28.99,42,1.03,Haze,163.67,80.04,113,436.65,1.77
2025-10-29 12:20:22,28.99,45,1.03,Haze,171.89,95.96,136.86,644.17,11.56
2025-10-29 15:12:23,24.99,69,0,Smoke,180.06,111.79,164.78,821.34,16.23
2025-10-29 18:15:31,22.99,78,0,Smoke,190.26,131.53,191.94,883.84,12.64
2025-10-29 21:09:51,20.99,78,0,Smoke,196.47,143.57,203.93,829.41,7.91
2025-10-30 00:50:02,18.99,82,3.09,Mist,216.86,166.5,230.75,905.3,6.67
2025-10-30 06:15:46,25.99,61,1.03,Smoke,214.47,164.09,235.69,1063.51,7.07
2025-10-30 09:11:51,29.99,45,1.03,Haze,171.36,94.93,169.33,428.62,1.45
2025-10-30 12:19:57,27.99,51,1.03,Smoke,178.78,109.3,184.16,639.13,11.09
2025-10-30 15:11:52,25.99,57,0,Smoke,186.6,124.44,206.11,909.27,17.42
2025-10-30 18:14:41,22.99,68,2.06,Smoke,195.13,140.96,229.11,1017.69,16.2
2025-10-31 00:47:44,18.99,88,0,Mist,213.51,163.12,242.13,1125.35,10.97
2025-10-31 06:16:15,25.99,61,2.06,Smoke,204.4,153.93,236,1166.06,8.09
2025-10-31 09:11:39,30.99,40,2.06,Haze,162.26,77.3,137.27,381.8,1.23
2025-10-31 12:20:34,29.99,42,2.06,Haze,165.3,83.19,142.08,575.58,12.27
2025-10-31 18:15:32,22.99,64,0,Smoke,171.18,94.58,152.53,850.98,17.36
2025-11-01 00:51:40,18.99,88,0,Mist,173.31,98.7,146.37,803.25,9.77
2025-11-01 06:14:05,26.99,50,3.09,Smoke,176.41,104.71,162.2,948.35,7.85
2025-11-01 09:10:16,29.99,42,3.09,Haze,153.84,61,107.25,315.05,0.9
2025-11-01 12:17:29,28.99,45,2.06,Haze,157.2,67.51,116.08,455.38,8.93
2025-11-01 15:09:02,25.99,53,2.06,Smoke,165.63,83.84,143.17,651.74,15.76
2025-11-01 18:12:44,22.99,64,0,Smoke,171.04,94.31,156.43,738.62,14.96
2025-11-01 21:07:57,21.99,68,2.06,Smoke,172.8,97.72,154.78,718.86,11.95
2025-11-02 00:52:22,17.99,82,2.06,Mist,172.09,96.34,152.72,670.39,9.36
2025-11-02 06:15:02,26.99,50,2.06,Smoke,166.37,85.26,175.37,577.47,5.62
2025-11-02 12:16:56,27.99,42,1.03,Haze,167.89,88.21,194.87,445.1,8.55
2025-11-02 15:09:01,24.99,57,1.03,Smoke,163.86,80.41,168.01,581.4,14.97
2025-11-02 18:12:38,22.99,68,1.03,Smoke,165.73,84.02,167.33,681.74,16.17
2025-11-03 00:51:49,17.99,88,0,Smoke,167.56,87.57,188.13,699.55,13.44
2025-11-03 06:17:17,24.99,50,2.06,Smoke,174.06,100.17,222.12,692.87,8.2
2025-11-03 09:14:03,29.99,28,1.03,Haze,169.06,90.47,250.81,329.92,2.07
2025-11-03 12:20:39,28.99,34,0,Haze,168.69,89.77,224.2,437.15,9.61
2025-11-03 15:11:45,23.99,57,2.06,Smoke,169.24,90.83,199.55,606.83,16.49
2025-11-03 18:15:01,20.99,73,1.03,Smoke,169.08,90.51,185.34,684.82,17.72
2025-11-03 21:10:02,19.99,73,1.03,Smoke,166.05,84.64,168.03,614.36,14.68
2025-11-04 00:47:45,16.99,82,2.06,Smoke,158.53,70.08,171.55,436.95,8.49
2025-11-04 06:16:43,25.99,41,5.14,Haze,154.55,62.37,166.05,341.58,4.46
2025-11-04 09:13:02,29.99,30,3.09,Haze,154.09,61.49,174.1,255.54,1.9
2025-11-04 12:21:25,28.99,34,2.06,Haze,154.96,63.17,151.44,355.24,8.2
2025-11-04 15:11:57,22.99,49,3.09,Haze,153.5,60.34,120.7,498.67,13.33
2025-11-04 18:15:14,19.99,60,2.06,Smoke,156.8,66.73,117.31,592.78,12.12
2025-11-04 21:10:09,18.99,68,5.14,Smoke,148.33,54.72,81,551.72,8.48
2025-11-05 00:50:49,16.99,72,2.57,Smoke,152.73,58.85,77.47,586.44,7.17
2025-11-05 06:16:42,23.99,43,3.09,Haze,165.96,84.48,112.07,665.46,5.79
2025-11-05 12:20:50,26.99,36,3.09,Haze,92.07,31.63,44.79,359.04,5.96
2025-11-05 15:12:15,21.99,53,1.03,Smoke,97.43,34.18,57.35,573.21,15.33
2025-11-05 18:15:13,19.99,52,1.03,Smoke,113.09,40.41,68.24,745.32,18.44
2025-11-05 21:10:15,16.99,67,1.03,Smoke,119.74,43.11,68.09,763.65,16.31
2025-11-06 00:48:32,14.99,72,1.03,Smoke,132.91,48.46,77.93,755.62,13.94
2025-11-06 06:16:53,21.99,40,2.06,Haze,155.54,64.29,107.94,752.47,8.69
2025-11-06 09:12:22,25.99,29,2.06,Haze,149.48,55.19,92.93,418.91,2.1
2025-11-06 12:20:28,26.99,28,2.06,Clouds,154.02,61.34,102.11,584.72,11.96
2025-11-06 15:12:09,21.99,43,3.09,Haze,159.19,71.37,124.23,860.31,22.07
2025-11-06 18:15:47,19.99,56,3.09,Smoke,157.4,67.9,118.16,953.45,23.41
2025-11-06 21:09:38,16.99,67,1.03,Smoke,161.71,76.24,123.55,1060.3,23.73
2025-11-07 00:48:21,15.99,72,0,Smoke,165.56,83.7,131.21,1095.73,20.45
2025-11-07 03:38:38,17.99,59,1.03,Smoke,168.87,90.11,143.12,1213.91,15.07
2025-11-07 06:16:45,23.99,31,2.06,Haze,175.55,103.04,161.74,1212.41,13.77
2025-11-07 09:11:27,27.99,21,3.09,Haze,152.77,58.93,111.25,399.03,1.81
2025-11-07 12:19:38,26.99,24,1.03,Clear,157.8,68.67,126.86,579.8,12.79
2025-11-07 18:14:48,18.99,52,2.06,Smoke,176.4,104.69,185.04,1012.5,23.5
2025-11-08 00:45:12,14.99,67,1.03,Smoke,180.33,112.31,183.41,887.18,13.19
2025-11-08 03:29:53,15.99,59,1.03,Smoke,180.66,112.94,190.17,926.81,13.78
2025-11-08 06:14:40,22.99,35,2.06,Haze,178.19,108.16,199.93,897.11,9.25
2025-11-08 12:17:19,26.99,24,3.09,Haze,169.08,90.52,201.89,571.27,10.61
2025-11-08 15:09:14,21.99,40,0,Haze,174.03,100.11,197.47,701.41,16.38
2025-11-08 18:13:37,17.99,59,1.03,Smoke,181.99,115.51,209.11,797.36,14.98
2025-11-09 00:52:19,13.99,72,1.03,Smoke,189.45,129.96,209.33,803.12,9.44
2025-11-09 03:39:02,15.99,67,1.03,Smoke,191.83,134.58,219.79,938.46,10.41
2025-11-09 06:14:38,21.99,35,1.03,Haze,191.54,134.02,226.73,933.64,8.77
2025-11-09 09:09:48,25.99,24,1.03,Haze,165.47,83.53,183.15,383.77,1.75
2025-11-09 12:17:25,25.99,24,1.03,Haze,171.93,96.04,192.23,518.15,9.83
2025-11-09 18:13:35,17.99,59,0,Smoke,185.64,122.59,223.62,768.35,13.6
2025-11-09 21:08:52,15.99,63,0,Smoke,188.89,128.88,222.99,759.12,10.95
2025-11-10 00:52:18,13.99,72,0,Smoke,192.95,136.75,224.51,772.14,9.6
2025-11-10 06:17:50,20.99,46,2.06,Haze,193.66,138.13,243.04,852.78,8.86
2025-11-10 09:13:43,24.99,31,2.06,Haze,167.68,87.8,205.77,361.41,3.17
2025-11-10 12:20:34,25.99,29,4.12,Haze,174.64,101.28,211.45,549.25,13.96
2025-11-10 15:12:26,21.99,43,1.03,Haze,176.82,105.51,209.15,762.76,20.73
2025-11-10 18:15:45,18.99,59,0,Smoke,184.8,120.96,216.89,904.09,19.34
2025-11-11 00:50:16,13.99,82,0,Mist,196.15,142.95,214.98,970.07,11.59
2025-11-11 06:16:55,21.99,43,1.54,Haze,197.44,145.44,241.07,1007.82,8.98
2025-11-11 09:12:01,26.99,29,1.03,Haze,173.51,99.09,217.48,496.38,3.26
2025-11-11 12:20:24,24.99,31,3.09,Haze,180.02,111.71,226.24,661.75,14.11
2025-11-11 18:15:00,18.99,55,0,Smoke,202.09,151.6,282.12,1034.08,22.56
2025-11-12 00:49:30,12.99,82,1.03,Mist,223.81,173.52,290.93,1099.7,16.67
2025-11-12 06:16:47,21.99,43,1.03,Haze,242.45,192.33,309.47,1314.97,12.93
2025-11-12 09:13:07,25.99,36,1.03,Haze,177.28,106.4,208.57,452.6,1.91
2025-11-12 12:20:52,23.99,35,3.09,Haze,185.32,121.97,221.11,668.05,12.91
2025-11-12 15:12:06,19.99,49,2.06,Haze,193.42,137.66,244.51,865.57,18.81
2025-11-12 18:15:38,17.99,63,0,Smoke,,150.44,259.89,935.66,16.56
2025-11-12 21:10:14,15.99,72,0,Smoke,211.73,161.33,264.92,987.52,15.21
2025-11-13 00:48:57,12.99,76,0,Smoke,225.0,174.72,274.05,1097.67,14.96
2025-11-13 06:17:11,22.99,35,2.06,Haze,241.72,191.59,290.46,1294.13,13.46
2025-11-13 09:12:48,25.99,22,2.06,Haze,157.26,67.63,121.99,384.45,1.67
2025-11-13 12:21:03,24.99,33,1.03,Haze,161.49,75.82,133.41,595.29,13.06
2025-11-13 15:12:39,18.99,55,0,Smoke,180.06,111.78,189.92,893.39,22.5
2025-11-13 18:15:05,16.99,72,0,Smoke,191.68,134.29,222.23,1073.89,23.6
2025-11-14 00:49:16,12.99,82,0,Smoke,202.48,151.99,241.29,1057.18,16.23
2025-11-14 06:16:48,21.99,49,1.03,Smoke,207.8,157.36,262.02,1200.16,13.38
2025-11-14 09:12:08,24.99,41,2.06,Haze,175.83,103.59,188.48,544,3.37
2025-11-14 12:20:53,23.99,46,1.03,Haze,183.04,117.55,200.75,713.9,13.89
2025-11-14 18:15:28,16.99,67,0,Smoke,186.88,124.99,230.22,933.62,22.12
2025-11-14 21:09:40,14.99,77,0,Smoke,185.9,123.1,222.33,919.07,19.34
2025-11-15 00:47:55,12.99,82,0,Mist,188.93,128.97,232.62,917,17.08
2025-11-15 06:14:43,20.99,49,1.03,Haze,180.55,112.73,246.26,908.95,11.14
2025-11-15 09:09:40,24.99,36,1.03,Haze,168.69,89.76,238.69,372.41,2.53
2025-11-15 12:17:39,23.99,38,1.03,Haze,170.24,92.76,211.43,485.32,10.03
2025-11-15 15:09:20,19.99,52,0,Smoke,173.63,99.32,210.65,671.15,17.22
2025-11-15 18:13:07,16.99,67,0,Smoke,175.09,102.15,216.99,821.75,20.27
2025-11-15 21:08:26,14.99,77,0,Smoke,184.58,120.53,237.37,948.68,20.28
2025-11-16 00:53:38,11.99,82,0,Mist,196.25,143.14,256.97,1067.1,18.37
2025-11-16 06:15:06,21.99,43,1.03,Haze,232.93,182.72,284.98,1308.25,12.48
2025-11-16 09:10:04,25.99,27,3.09,Haze,190.11,131.24,217.51,601.99,1.9
2025-11-16 12:17:14,25.99,27,1.03,Haze,199.6,149.62,236.83,810.35,10.19
2025-11-16 15:09:09,20.99,43,2.06,Haze,198.22,146.96,233.02,930.87,17.38
2025-11-16 18:13:50,17.99,59,0,Smoke,221.54,171.23,264.53,1100.62,18.49
2025-11-17 00:51:25,11.99,82,0,Mist,249.94,199.88,290.18,1146.29,13.38
2025-11-17 06:17:23,21.99,43,1.03,Haze,237.2,187.03,278.54,1229.67,12.48
2025-11-17 09:15:10,25.99,34,2.06,Haze,175.45,102.85,185.45,442.06,1.97
2025-11-17 12:20:35,23.99,33,3.09,Haze,178.48,108.73,193,589.85,12.22
2025-11-17 15:12:40,18.99,55,0,Smoke,184.99,121.33,223.05,829.5,21.1
2025-11-17 18:14:21,16.99,67,0,Smoke,191.86,134.63,241.12,945.3,22.26
2025-11-18 06:16:25,20.99,43,2.06,Haze,244.52,194.42,292.64,1242.43,13.71
2025-11-18 12:20:58,21.99,43,1.03,Haze,193.42,137.66,259.89,668.9,13.7
2025-11-18 15:12:07,18.99,59,0,Smoke,214.2,163.82,282.16,894.32,20.15
2025-11-18 18:16:01,16.99,72,0,Smoke,231.37,181.15,294.52,998.34,18
2025-11-19 00:48:59,11.99,82,0,Mist,249.17,199.11,305.44,1026.13,13.22
2025-11-19 06:16:06,21.99,49,2.06,Smoke,247.7,197.62,305.7,1151.03,12.64
2025-11-19 09:12:23,24.99,38,2.06,Haze,195.78,142.22,277.42,552.47,5.09
2025-11-19 12:20:34,23.99,43,1.03,Haze,208.91,158.48,283.82,731.73,16.05
2025-11-19 15:11:48,19.99,64,0,Smoke,198.79,148.06,254.26,848.43,21.34
2025-11-19 18:16:15,16.99,72,0,Smoke,220.83,170.51,271.33,1000.22,19.48
2025-11-20 00:47:58,11.99,82,1.03,Mist,325.99,275.72,368.42,1419.83,12.92
2025-11-20 06:16:12,19.99,52,2.06,Smoke,339.19,289.04,376.73,1608.21,12.91
2025-11-20 09:12:20,24.99,36,1.03,Haze,207.14,156.7,260.87,541.95,2.68
2025-11-20 12:20:34,23.99,41,1.03,Haze,216.99,166.64,270.21,686.82,13.32
2025-11-20 18:15:42,16.99,72,0,Smoke,254.95,204.94,307.64,1055.29,18.51
2025-11-21 00:48:35,12.99,82,0,Mist,324.54,274.25,359.37,1414.78,15.35
2025-11-21 06:16:49,20.99,49,2.06,Smoke,323.0,272.7,348.88,1532.51,13.65
2025-11-21 12:19:26,22.99,43,1.03,Haze,225.79,175.52,274.52,690.34,13.5
2025-11-21 18:15:39,16.99,72,0,Smoke,328.92,278.67,388.47,1344.08,15.54
2025-11-21 21:09:44,14.99,77,0,Smoke,345.01,294.91,396.3,1447.76,14.06
2025-11-22 00:46:12,11.99,94,0,Mist,361.54,311.59,403.19,1616.96,14.32
2025-11-22 06:14:24,20.99,56,2.06,Smoke,350.05,300,389.77,1688.63,11.42
2025-11-22 12:17:04,21.99,53,1.03,Smoke,210.24,159.82,218.58,736.37,9.88
2025-11-22 18:13:48,16.99,77,0,Smoke,237.51,187.34,254.49,1035.14,15
2025-11-23 00:56:24,11.99,87,0,Mist,258.89,208.92,268.31,1026.06,8.68
2025-11-23 06:14:59,20.99,56,2.06,Smoke,254.9,204.89,264.44,1130.51,9.04
2025-11-23 09:10:28,23.99,43,2.06,Haze,192.11,135.11,187.27,572.73,1.38
2025-11-23 12:17:02,23.99,43,2.06,Haze,197.29,145.15,198.58,710.62,9.38
2025-11-23 15:09:12,18.99,55,1.03,Smoke,212.3,161.9,222.05,886.99,13.99
2025-11-23 18:14:14,15.99,67,0,Smoke,224.58,174.29,236.66,956.88,12.39
2025-11-23 21:09:18,12.99,76,0,Smoke,232.05,181.83,241.01,982.1,10.6
2025-11-24 00:53:21,10.99,87,1.03,Smoke,238.91,188.75,246.42,1019.59,9.54
2025-11-24 06:17:39,20.99,46,2.06,Haze,239.93,189.78,251.97,1217.15,11.29
2025-11-24 09:14:42,23.99,33,1.03,Haze,189.68,130.42,185.89,548.98,1.7
2025-11-24 12:20:37,22.99,38,4.12,Haze,197.78,146.1,207.49,741.89,12.5
2025-11-24 15:12:19,18.99,55,1.03,Smoke,211.58,161.18,231.4,900.57,17.59
2025-11-24 18:16:35,15.99,67,0,Smoke,233.02,182.81,262.29,1061.4,17.52
2025-11-24 21:10:17,12.99,82,0,Smoke,249.06,199,277.68,1151.59,16.19
2025-11-25 00:47:46,10.99,87,0,Mist,267.08,217.18,295.85,1236.74,15.53
2025-11-25 06:17:18,18.99,55,3.09,Smoke,274.71,224.88,309.25,1390.93,14.05
2025-11-25 09:13:52,23.99,33,3.09,Haze,196.03,142.72,217.69,536.61,1.93
2025-11-25 12:21:31,21.99,40,3.09,Haze,209.07,158.64,238.94,769.21,13.48
2025-11-25 15:12:29,18.99,55,3.09,Smoke,233.91,183.71,279.25,1101.7,23.1
2025-11-25 18:16:37,15.99,67,0,Smoke,249.95,199.89,305.24,1270.45,24.85
2025-11-25 21:09:59,12.99,76,0,Smoke,255.03,205.02,303.98,1271.12,21.76
2025-11-26 00:49:22,10.99,87,0,Mist,249.4,199.34,288.25,1181.37,16.27
2025-11-26 03:42:24,12.99,76,0,Smoke,252.87,202.84,296.19,1313.78,15.6
2025-11-26 06:16:47,18.99,55,2.06,Smoke,254.53,204.52,299.84,1306.76,13.19
2025-11-26 09:13:13,22.99,38,2.06,Haze,185.68,122.67,184.66,475.44,2.14
2025-11-26 12:20:58,21.99,43,1.03,Haze,194.03,138.83,203.84,674.78,12.46
2025-11-26 18:13:51,15.99,67,2.06,Smoke,232.82,182.61,257.26,1008,15.02
2025-11-26 21:09:34,12.99,76,1.03,Smoke,246.46,196.37,264.66,1114.35,13.38
2025-11-27 00:48:06,9.99,93,0,Mist,265.25,215.33,288.01,1283.91,13.8
2025-11-27 06:17:12,18.99,52,1.03,Smoke,282.15,232.39,309.91,1534.89,12.58
2025-11-27 09:12:26,22.99,38,2.06,Haze,184.13,119.66,164.09,508.31,2.25
2025-11-27 12:20:25,21.99,46,1.03,Haze,189.55,130.17,180.02,697.76,11.55
2025-11-27 15:11:11,16.99,59,4.12,Smoke,202.26,151.77,212.53,1009.97,19.48
2025-11-27 18:15:04,14.99,72,0,Smoke,229.15,178.91,249.28,1213.6,18.81
2025-11-27 21:09:35,12.99,76,0,Smoke,253.27,203.25,269.85,1321.31,15.47
2025-11-28 06:17:18,18.99,45,3.09,Haze,306.06,255.61,332.61,1672.67,13.24
2025-11-28 09:12:03,22.99,28,1.03,Haze,189.4,129.88,175.49,571.99,2.59
2025-11-28 12:20:01,21.99,37,3.09,Haze,196.62,143.85,198.08,787.3,13.71
2025-11-28 15:10:56,16.99,59,0,Smoke,205.53,155.07,220.19,995.28,21.47
2025-11-28 18:14:54,14.99,72,2.06,Smoke,221.5,171.19,243.7,1148.82,22.26
2025-11-28 21:09:01,12.99,76,0,Smoke,229.78,179.54,246.52,1185.64,19.2
2025-11-29 00:47:17,9.99,87,2.06,Mist,233.82,183.62,243.16,1258.98,17.39
2025-11-29 03:39:12,11.99,76,2.06,Smoke,235.5,185.31,240.86,1426.6,15.33
2025-11-29 06:15:05,18.99,39,1.03,Haze,236.81,186.64,243.95,1393.58,12.54
2025-11-29 09:10:46,22.99,28,2.06,Haze,157.56,68.21,95.73,418.79,1.84
2025-11-29 12:18:07,21.99,35,1.03,Haze,162.42,77.61,112.3,566.52,10.05
2025-11-29 15:09:41,16.99,55,0,Smoke,171.61,95.42,142.6,762.21,16.8
2025-11-29 18:14:07,14.99,67,2.06,Smoke,183.23,117.93,171.8,899.68,16.68
2025-11-29 21:09:08,12.99,76,0,Smoke,187.75,126.68,175.29,890.41,13.08
2025-11-30 00:56:14,9.99,87,0,Mist,193.87,138.53,187.38,930.93,12.06
2025-11-30 03:52:58,10.99,71,0,Smoke,199.87,150.15,206.37,1123.48,14.71
2025-11-30 06:15:57,16.99,48,2.06,Haze,205.62,155.16,210.8,1114.66,10.99
2025-11-30 09:10:19,21.99,28,2.06,Haze,163.06,78.86,114.35,447.93,1.83
2025-11-30 12:18:27,20.99,35,2.06,Haze,167.89,88.22,127.65,590.49,9.7
2025-11-30 18:14:17,13.99,67,0,Smoke,177.9,107.6,156.71,829.7,15.88
2025-11-30 21:09:21,11.99,82,2.06,Smoke,180.82,113.25,160.6,849.92,15.01
2025-12-01 01:00:45,9.99,81,0,Mist,183.69,118.82,163.58,853.85,13.66
2025-12-01 04:06:53,12.99,76,0,Smoke,190.39,131.78,177.11,1125.19,16.05
2025-12-01 06:18:41,17.99,52,1.03,Smoke,193.31,137.45,184.75,1190.84,14.38
2025-12-01 09:17:40,22.99,28,1.03,Haze,162.41,77.59,110.38,470.58,3.3
2025-12-01 12:21:34,20.99,35,1.03,Haze,174.89,101.76,143.41,751.33,15.32
2025-12-01 15:11:57,17.99,52,1.03,Smoke,190.56,132.11,187.29,1110.22,24.91
2025-12-01 18:17:27,14.99,63,0,Smoke,198.94,148.35,205.87,1249.2,23.31
2025-12-01 21:09:07,11.99,76,0,Smoke,198.23,146.98,193.8,1170.38,18.69
2025-12-02 00:50:51,8.99,87,0,Mist,197.08,144.75,181.29,1144.04,17.82
2025-12-02 03:46:12,11.99,71,0,Smoke,198.17,146.86,184.24,1336.36,19.32
2025-12-02 06:17:48,17.99,55,2.06,Smoke,198.22,146.95,186.71,1349.49,16.05
2025-12-02 09:16:41,20.99,43,2.06,Haze,163.1,78.93,106.69,489.88,3.43
2025-12-02 12:21:39,19.99,45,3.09,Haze,178.58,108.92,146.96,830.91,14.77
2025-12-02 15:12:41,15.99,63,0,Smoke,199.28,149,198.57,1187.76,22.16
2025-12-02 18:17:19,13.99,72,1.03,Smoke,226.77,176.5,232.39,1362.18,20.57
2025-12-02 21:10:24,10.99,82,1.03,Smoke,243.52,193.41,246.25,1399.02,17.23
2025-12-03 00:50:44,9.99,81,0,Mist,278.84,229.05,283.9,1587.71,16.81
2025-12-03 06:17:43,16.99,48,4.12,Haze,311.46,261.06,324.69,1923.99,16.2
2025-12-03 09:15:25,20.99,32,2.06,Haze,185.55,122.42,170.29,650.03,2.33
2025-12-03 12:21:16,19.99,42,3.09,Haze,194.99,140.69,199.25,950.69,15.01
2025-12-03 15:12:34,14.99,58,0,Smoke,244.5,194.4,269.44,1420.87,26.02
2025-12-03 18:16:38,12.99,76,1.03,Smoke,278.68,228.89,316.05,1724.61,28.32
2025-12-03 21:10:44,10.99,87,0,Smoke,297.99,248.37,336.58,1841.56,26.28
2025-12-04 00:50:52,7.99,87,3.09,Mist,315.33,264.96,353.12,1971.58,24.71
2025-12-04 03:46:58,10.99,71,0,Smoke,331.83,281.61,379.79,2285.75,23.81
2025-12-04 06:17:15,17.99,39,2.06,Haze,339.42,289.27,389.63,2233.51,19.6
2025-12-04 09:14:49,21.99,30,1.03,Haze,194.62,139.99,215.43,711.43,2.84
2025-12-04 12:21:31,19.99,40,1.03,Haze,208.7,158.27,235.8,959.86,14.15
2025-12-04 15:13:10,15.99,59,2.06,Smoke,221.37,171.06,251.12,1263.15,24.6
2025-12-04 18:17:05,13.99,67,0,Smoke,242.69,192.57,279.04,1475.48,27.12
2025-12-04 21:10:28,11.99,82,2.06,Smoke,243.84,193.73,278.1,1422.27,23.68
2025-12-05 00:51:30,8.99,87,0,Mist,249.04,198.98,288.32,1356.14,20.24
2025-12-05 03:45:30,10.99,71,2.06,Smoke,256.86,206.87,292.59,1538,19.41
2025-12-05 06:17:27,16.99,51,3.09,Smoke,255.16,205.15,297.18,1529.76,16.71
2025-12-05 09:12:35,21.99,37,3.09,Haze,205.27,154.81,237,717,4.89
2025-12-05 12:21:09,20.99,40,3.09,Haze,238.6,188.44,271.47,1019.69,17.49
2025-12-05 15:12:13,15.99,59,2.06,Smoke,274.15,224.32,312.55,1416.77,24.04
2025-12-05 18:14:17,11.99,76,1.54,Smoke,308.7,258.27,347.75,1650.1,22.43
2025-12-05 21:10:03,9.99,81,0,Smoke,331.25,281.02,358.54,1748.9,18.68
2025-12-06 00:47:40,8.99,81,1.03,Mist,374.87,325.04,386.63,2134.93,21.55
2025-12-06 06:15:03,16.99,51,1.54,Smoke,383.07,333.32,406.36,2254.16,17.58
2025-12-06 09:10:36,21.99,28,2.57,Haze,288.51,238.81,335.96,1065.17,4.15
2025-12-06 12:18:13,20.99,35,2.06,Haze,299.33,249.72,346.6,1210.58,12.01
2025-12-06 15:09:29,16.99,51,2.06,Smoke,308.19,257.76,358.7,1376.76,17.57
2025-12-06 18:14:13,12.99,67,1.03,Smoke,322.0,271.69,380.82,1494.46,18.35
2025-12-06 21:09:06,10.99,76,2.06,Smoke,329.65,279.41,392.89,1513.09,16.64
2025-12-07 00:56:27,8.99,87,0,Mist,339.9,289.75,404.97,1552.44,15.55
2025-12-07 03:53:26,11.99,71,0,Smoke,356.32,306.32,418.97,1783.23,15.28
2025-12-07 06:15:06,19.99,45,2.06,Haze,356.85,306.86,419.73,1773.23,12.84
2025-12-07 09:10:27,22.99,33,2.06,Haze,278.03,228.23,332.12,946.86,3.95
2025-12-07 12:17:49,20.99,43,2.06,Haze,302.5,252.01,355.34,1118.77,12.26
2025-12-07 15:09:01,15.99,67,0,Smoke,344.84,294.74,408.89,1450.71,19.21
2025-12-07 18:14:13,13.99,77,0,Smoke,373.54,323.7,445.08,1616.93,19.26
2025-12-08 00:51:54,7.99,87,0,Mist,,350.45,465.18,1772.78,14.27
2025-12-08 03:50:03,9.99,76,1.54,Smoke,402.62,352.96,457.8,2110.13,16.98
2025-12-08 06:19:30,18.99,39,2.06,Haze,393.29,343.63,448.22,2134.44,14.04
2025-12-08 09:18:15,22.99,31,3.09,Haze,260.71,210.75,296.99,1063.36,3.99
2025-12-08 12:21:25,21.99,43,1.03,Haze,279.65,229.86,312,1386.68,15.01
2025-12-08 15:12:25,17.99,52,2.06,Smoke,348.82,298.75,403.28,1876.63,24.77
2025-12-08 18:16:54,14.99,58,0,Smoke,385.95,336.22,451.35,2250.26,28.08
2025-12-08 21:10:04,11.99,76,2.06,Smoke,379.63,329.84,437.88,2289.86,25.43
2025-12-09 00:51:14,9.99,76,2.06,Smoke,362.16,312.22,410.99,2244.63,22.49
2025-12-09 03:45:11,10.99,71,2.06,Smoke,358.05,308.07,408.26,2380.16,19.61
2025-12-09 06:18:12,19.99,34,1.54,Haze,355.0,304.99,407.62,2266.9,15.82
2025-12-09 09:14:52,23.99,23,2.06,Haze,220.59,170.27,261.91,929.72,3.45
2025-12-09 12:21:32,20.99,35,1.03,Haze,243.28,193.16,289.73,1157.41,14.77
2025-12-09 15:13:04,16.99,55,2.06,Smoke,291.39,241.71,365.27,1529.55,24.53
2025-12-09 18:14:16,14.99,63,0,Smoke,325.83,275.56,419.46,1760.5,27.35
2025-12-09 21:09:51,11.99,76,1.03,Smoke,327.9,277.64,429.98,1785.49,26.54
2025-12-10 00:52:37,9.99,81,2.06,Mist,330.93,280.7,447.57,1767.15,24.13
2025-12-10 03:50:35,10.99,71,0,Smoke,344.33,294.22,473.96,1925.86,19.53
2025-12-10 06:18:25,18.99,42,3.09,Haze,344.67,294.57,499.93,1866.35,16.48
2025-12-10 09:15:12,21.99,35,1.03,Haze,304.24,253.77,485.18,954.36,5.1
2025-12-10 12:21:22,21.99,35,2.06,Haze,331.33,281.11,497.61,1165.17,16.41
2025-12-10 15:14:10,16.99,55,0,Smoke,339.09,288.94,501.78,1370.19,25.35
2025-12-10 18:17:13,13.99,67,1.03,Smoke,338.65,288.49,490.76,1456.38,26.41
2025-12-10 21:12:34,11.99,76,0,Smoke,329.88,279.64,462.64,1360.9,22.37
2025-12-11 00:53:26,8.99,93,0,Mist,346.14,296.05,471.31,1426.65,22.26
2025-12-11 03:52:41,11.99,66,0,Smoke,372.44,322.59,496.67,1799.15,22.17
2025-12-11 06:18:45,17.99,52,1.03,Smoke,374.86,325.03,494.16,1859.08,17.83
2025-12-11 09:16:33,22.99,38,1.03,Haze,301.64,251.15,417.14,928.25,4.31
2025-12-11 12:22:29,21.99,35,1.03,Haze,336.78,286.61,443.49,1246.46,16.59
2025-12-11 15:13:15,17.99,59,2.06,Smoke,382.65,332.89,499.79,1642.93,23.28
2025-12-11 18:15:01,14.99,58,0,Smoke,390.19,340.5,506.47,1747.8,22.2
2025-12-11 21:12:48,11.99,76,0,Smoke,398.21,348.59,505.73,1749.71,19.89
2025-12-12 00:52:36,8.99,87,0,Mist,403.0,353.53,502.24,1738.9,19.06
2025-12-12 03:52:36,10.99,76,1.03,Smoke,401.2,350.81,486.25,1919.41,22.83
2025-12-12 06:18:18,18.99,55,2.06,Smoke,382.46,332.7,467.29,1917.34,18.58
2025-12-12 09:15:53,22.99,40,2.06,Haze,346.34,296.25,435.41,1146.53,5.08
2025-12-12 12:20:55,21.99,43,1.03,Haze,364.18,314.25,445.63,1384.33,16.6
2025-12-12 15:12:42,17.99,63,0,Smoke,364.82,314.9,434.78,1543.48,24.29
2025-12-12 18:16:58,13.99,82,0,Mist,357.37,307.38,405.08,1596.51,23.89
2025-12-12 21:09:44,11.99,82,0,Mist,350.29,300.24,377.19,1500.9,18.47
2025-12-13 00:48:09,9.99,87,1.03,Mist,361.41,311.46,368.93,1440.33,13.54
2025-12-13 03:43:08,9.99,87,2.06,Mist,374.54,324.71,381.54,1500.16,13.62
2025-12-13 06:15:38,16.99,77,1.03,Smoke,369.47,319.59,376.89,1515.94,11.27
2025-12-13 09:10:39,19.99,60,1.03,Clouds,312.02,261.62,343.52,961.63,5.42
2025-12-13 12:18:34,17.99,72,1.03,Smoke,333.51,283.31,357.03,1156.9,13.57
2025-12-13 15:11:28,14.99,82,2.06,Mist,369.5,319.62,378.74,1504.81,17.93
2025-12-13 18:13:58,13.99,88,1.03,Mist,397.45,347.83,392.91,1723.46,15.87
2025-12-13 21:08:59,11.99,87,2.06,Mist,405.27,356.96,389.25,1758.14,12.33
