id,timestamp,aqi,temperature,humidity,wind_speed,weather_main,pm2_5,pm10,co,no2,aqi_lag1,pm2_5_lag1,pm10_lag1,co_lag1,no2_lag1
2,2025-06-28 08:21:40+00:00,84.46,1.275658569730864,-0.8471459107380952,2.3011846165077525,Clouds,-0.5837311533746977,-0.5661710115935787,-0.6156683187508558,-1.3774049416911662,0.2040508617376209,0.08020751521187122,-0.663708844741464,-0.25936977143227924,-1.0418634103878053
3,2025-06-29 08:21:57+00:00,111.83,1.6185443243805298,-0.8471459107380952,0.225295868197138,Smoke,0.10966302777878818,-0.11563875411269812,-0.5269472944841406,-1.4010459642529611,-0.5990814432900857,-0.5747047217914137,-0.42652543783639596,-0.6163605106723468,-1.372300240415349
4,2025-06-30 08:25:49+00:00,60.61,0.9327728150811984,-0.8471459107380952,1.7834690206821031,Clouds,-1.2450507508751631,-0.7129991501826715,-1.377936568528643,-1.4519650897706735,0.21869129438135498,0.09141217281671761,-0.12681186001999178,-0.5276216496069709,-1.3959028711316022
5,2025-07-01 08:25:46+00:00,83.85,0.5898870604315315,-1.2040081349958889,1.7834690206821031,Smoke,-0.6006432065735634,-0.16425734304948378,-0.8171220206408744,-0.8573024453316762,-1.3116820933983742,-1.210008807986217,-0.5242018772254831,-1.378782009642297,-1.446739306520455
6,2025-07-02 08:25:20+00:00,103.34,1.275658569730864,-0.8471459107380952,-0.810135323454161,Smoke,-0.09153208786288752,-0.483519410401043,-0.8221583631881249,-1.3701307809029215,-0.6173072880098365,-0.5909514753184415,-0.15915505187068288,-0.8178547135501498,-0.8530423646577803
7,2025-07-03 08:24:46+00:00,119.69,1.275658569730864,-0.8471459107380952,0.7480378290308036,Clouds,0.29569561296630914,-0.6501191084910952,0.07293706225502596,-1.160998658240889,-0.034976609996815504,-0.10186817086688635,-0.37154201169022105,-0.822892068622095,-1.3650378925026558
8,2025-07-04 08:24:47+00:00,125.38,1.6185443243805298,-0.8471459107380952,2.3011846165077525,Smoke,0.4304088643089962,0.49954845790076274,-0.15069689570167133,-1.3119374945969646,0.45353578536043876,0.2701264616140215,-0.4823713490985892,0.0723833100735986,-1.1562453900127243
9,2025-07-04 13:35:26+00:00,51.36,1.275658569730864,-0.044205906158059534,-0.28739336262049536,Smoke,2.0883732520460536,2.6635618514770925,-1.9815345919945702,-1.0446120856289751,0.6235440746315566,0.3995402569499997,0.2824373275307525,-0.15129560807054843,-1.3069391092011096
10,2025-07-04 13:46:34+00:00,140.05,1.275658569730864,-0.044205906158059534,-0.28739336262049536,Smoke,0.7779807162580945,0.001045859335587276,1.3036360410740486,1.6977465315392446,-1.5880576075913162,1.9922823354789465,12.672898504251503,-1.982501382658745,-1.040047823409632
11,2025-07-04 13:54:54+00:00,140.05,1.275658569730864,-0.044205906158059534,-0.28739336262049536,Smoke,0.7779807162580945,0.001045859335587276,1.3036360410740486,1.6977465315392446,1.0618607009245797,0.733439053574429,-0.04918819957833331,1.3033297131089052,1.69785733967573
12,2025-07-04 15:09:58+00:00,145.27,0.9327728150811984,-0.044205906158059534,-0.28739336262049536,Smoke,0.9016136568842836,0.08304921267563246,1.6744431201337318,1.9159713551865836,1.0618607009245797,0.733439053574429,-0.04918819957833331,1.3033297131089052,1.69785733967573
13,2025-07-05 17:21:21+00:00,97.25,0.9327728150811984,-0.044205906158059534,1.7834690206821031,Smoke,-0.22916121044675858,-0.08873646823434345,0.8286428050773053,1.5049812706507626,1.2178261262312995,0.852208424185803,0.00536398400983235,1.6742113405776695,1.9157277770565286
14,2025-07-05 17:22:16+00:00,97.25,0.9327728150811984,-0.044205906158059534,1.7834690206821031,Smoke,-0.22916121044675858,-0.08873646823434345,0.8286428050773053,1.5049812706507626,-0.21693627285465533,-0.23408313060407643,-0.10891529386260942,0.8282409827376809,1.5054051199893586
15,2025-07-05 18:12:01+00:00,97.67,0.9327728150811984,-0.044205906158059534,1.7834690206821031,Smoke,-0.217497725482024,-0.11401813448147202,0.8876036233829953,1.583178499124392,-0.21693627285465533,-0.23408313060407643,-0.10891529386260942,0.8282409827376809,1.5054051199893586
16,2025-07-05 21:09:12+00:00,78.61,0.5898870604315315,-0.13342146222250795,0.7480378290308036,Smoke,-0.745853594384512,-0.3619729380590788,-0.23794262770707095,0.11925364049016346,-0.20438733058859737,-0.22287847299923005,-0.12573375362496883,0.8872136547415633,1.5834753600508111
17,2025-07-06 00:55:23+00:00,67.66,-0.7816559581671312,0.6695185423575277,0.7480378290308036,Smoke,-1.0496873777158546,-0.27056999085792177,-0.8893095971514643,-0.6008882775460535,-0.7738702819958921,-0.7304494624987818,-0.2906840320634933,-0.23855888027646585,0.12192784262129108
18,2025-07-06 03:50:09+00:00,63.93,-1.4674274674664625,2.1861829954531506,0.7480378290308036,Thunderstorm,-1.152909219653758,-0.9612780776865235,-0.7263661104964821,-0.23172461754263934,-1.1010391339324022,-1.0223307931050363,-0.22987883138419407,-0.890056802914696,-0.5970446007353425
19,2025-07-06 06:13:37+00:00,60.23,-1.124541712816797,1.6508896590664603,-0.28739336262049536,Smoke,-1.2555478873434247,-1.3917146517401993,-0.6834808906244402,-0.19535381360141624,-1.212485692628583,-1.1214920129079289,-0.6893677769430122,-0.7270805575062103,-0.22848044416615923
20,2025-07-06 09:09:18+00:00,85.43,-0.43877020351746554,0.3126563180997341,0.7480378290308036,Smoke,-0.5569051379558078,-0.9567403427190901,-0.8630086971824897,-0.9718704777465288,-1.32303589830576,-1.2200929998305792,-0.9757128354611306,-0.684186715832981,-0.19216870460269286
21,2025-07-06 12:16:51+00:00,80.93,0.5898870604315315,-0.13342146222250795,0.7480378290308036,Smoke,-0.6817044270784706,-1.0805556825447709,-0.8565479345208653,-1.0100598218848131,-0.5700993623422849,-0.5489340093002667,-0.6863490790369476,-0.8637506153167607,-0.9674243442826992
22,2025-07-06 15:08:56+00:00,77.27,-0.09588444886779986,0.3126563180997341,-0.28739336262049536,Smoke,-0.7831767462716636,-0.4455969110303504,-0.20991207474207094,0.44477233576410985,-0.7045523151929054,-0.6688238456721255,-0.7687164076167077,-0.8572885537598209,-1.005551670824339
23,2025-07-06 18:12:26+00:00,90.81,-0.43877020351746554,0.7587340984219761,0.7480378290308036,Smoke,-0.40761253040720175,-0.4105915269958645,0.267980873630362,0.9085000860147042,-0.8139073835114103,-0.766304366834291,-0.3463143220466821,-0.21052269194675138,0.4469179117143147
24,2025-07-06 21:08:27+00:00,67.38,-0.7816559581671312,0.6695185423575277,0.7480378290308036,Smoke,-1.0572686429429323,-1.293505102087892,-0.2028408463171433,0.5702516093613297,-0.4093533876008766,-0.4055143919582298,-0.3230272239141844,0.26746633376892603,0.9098925911485107
25,2025-07-07 00:54:27+00:00,52.54,-0.7816559581671312,0.6695185423575277,-0.810135323454161,Smoke,-1.4689896621980723,-1.5340050553618585,-0.8282121486742138,-0.04623351744240156,-1.1094050954431074,-1.0296138205481866,-0.9103795879227345,-0.2034500418962424,0.5721934132082738
26,2025-07-07 03:49:44+00:00,56.19,-0.09588444886779986,0.3126563180997341,-0.28739336262049536,Smoke,-1.367517343004879,-1.125608908292859,-0.9187136980838962,0.0028670678782495174,-1.5528010555104867,-1.4251382339992724,-1.0703705769441532,-0.8289470711833219,-0.043290572392480804
27,2025-07-07 06:16:00+00:00,53.59,0.9327728150811984,-0.4902836864803016,-0.28739336262049536,Smoke,-1.4398309497862352,-1.4656149069241133,-0.975080036895548,0.06651597477538984,-1.4437447715316503,-1.3276577128371068,-0.7986877653983481,-0.919466815354941,0.005730276018198683
28,2025-07-07 09:13:33+00:00,56.76,0.9327728150811984,-0.8471459107380952,0.7480378290308036,Thunderstorm,-1.351771638302487,-1.6049881952095655,-1.0348039374053666,-0.26445834108974003,-1.521428699845342,-1.3971265899871559,-1.024874487074181,-0.9758444862611546,0.06927582025426472
29,2025-07-07 12:19:01+00:00,67.87,-0.43877020351746554,0.3126563180997341,-0.28739336262049536,Smoke,-1.0438556352334871,-1.3502267891808086,-0.9290407439131069,-0.23899877833088395,-1.4267140641705718,-1.3125314250705638,-1.117591637046162,-1.0355803938819983,-0.2611610097732789
30,2025-07-07 15:09:22+00:00,56.17,-0.43877020351746554,0.3126563180997341,-1.3228245542717945,Smoke,-1.3681005172531155,-1.4156998222823467,-0.24567519404224328,0.564795988770146,-1.094764662799373,-1.0167284643026129,-0.9481133117485409,-0.9297959373711516,-0.23574279207885251
31,2025-07-07 18:13:50+00:00,56.19,-0.43877020351746554,-0.13342146222250795,-0.28739336262049536,Smoke,-1.367517343004879,-1.4137550787248754,-0.01893803512208858,0.6157151142878585,-1.4443423402109863,-1.3282179457173489,-0.9916688101074714,-0.24629300119500772,0.5667466522737536
32,2025-07-07 21:09:11+00:00,56.83,-0.7816559581671312,0.2234407620352857,-1.3228245542717945,Smoke,-1.350022115557777,-1.3255933707861707,-0.1694687179232415,0.41022007201994803,-1.4437447715316503,-1.3276577128371068,-0.9903750824334439,-0.019510258208551023,0.6175830876626067
33,2025-07-08 00:50:25+00:00,58.49,-1.8103132221161282,1.6508896590664603,-0.28739336262049536,Rain,-1.303951349947074,-1.3408271953196969,-0.11849482668743358,0.421131313202315,-1.4246225737928953,-1.3108507264298368,-0.9317260945441908,-0.17007120424779854,0.4124217591290218
34,2025-07-08 03:44:36+00:00,56.09,-1.8103132221161282,1.6508896590664603,-0.28739336262049536,Smoke,-1.3704332142460627,-1.3690259769030324,-0.3534224012652381,-0.12261220571897001,-1.3750243734079997,-1.2665923288906926,-0.9418602946574073,-0.11908706503477845,0.42331528099806176
35,2025-07-08 06:15:23+00:00,65.41,-1.8103132221161282,1.6508896590664603,-1.3228245542717945,Clouds,-1.1120870222771861,-1.1087544641281066,-0.544040335856627,-0.369933672519287,-1.4467326149283306,-1.3304588772383183,-0.960619345930808,-0.35406187030995395,-0.11954522547576012
36,2025-07-08 09:12:39+00:00,73.25,-0.43877020351746554,0.7587340984219761,-0.28739336262049536,Smoke,-0.8945630276848813,-0.8235254090322974,-0.913575611242762,-0.9245884326229389,-1.1682656103577123,-1.0822757112909658,-0.7874754588901084,-0.5447181274269057,-0.3664650545073313
37,2025-07-08 12:19:36+00:00,58.44,0.9327728150811984,-0.8471459107380952,-0.28739336262049536,Smoke,-1.3051176984435475,-1.2491001241922945,-1.0208649691432796,-0.853665364937554,-0.9340186880579645,-0.8733088469605763,-0.597728733366054,-0.9143276955340678,-0.920219082850193
38,2025-07-08 15:10:36+00:00,52.64,0.24700130578186583,-0.4902836864803016,2.3011846165077525,Smoke,-1.4660737909568882,-1.6335111007191465,-0.18478123415276054,0.5538847475877791,-1.37651829510634,-1.2677127946511773,-0.8808394726991035,-1.0216386232788373,-0.8494111907014337
39,2025-07-08 18:14:02+00:00,60.32,-0.43877020351746554,-0.13342146222250795,-0.810135323454161,Smoke,-1.2532151903504776,-1.4238029204384777,0.13428887146698618,0.8830405232558479,-1.5498132121138064,-1.4223370695980604,-1.1365663095985676,-0.1853867989614901,0.5558531304047136
40,2025-07-08 21:09:45+00:00,60.72,-0.7816559581671312,0.2234407620352857,-1.8405401500974439,Smoke,-1.2421348796339795,-1.4270441597009302,-0.06167063855330453,0.7539241692645062,-1.3203468392487474,-1.2178520683096097,-0.9970593420825866,0.1337474536772932,0.8844743734540842
41,2025-07-09 00:51:36+00:00,63.11,-1.4674274674664625,1.6508896590664603,-1.3228245542717945,Clouds,-1.175653015334991,-1.4562153130630013,-0.2082841660399294,0.5811628505436964,-1.3083954656620256,-1.2072076435850057,-0.9992155548726329,-0.06225145275838794,0.7555676980037789
42,2025-07-09 03:47:27+00:00,63.11,-1.4674274674664625,1.6508896590664603,0.7480378290308036,Smoke,-1.175653015334991,-1.3003117045390422,-0.6653195341661734,-0.1880796528131716,-1.2369860084813626,-1.14334109523738,-1.0186214699830474,-0.20889445596390047,0.5830869350773135
43,2025-07-09 06:15:22+00:00,69.8,-1.124541712816797,1.6508896590664603,2.3011846165077525,Clouds,-0.990203604395707,-1.0209168801156474,-0.8744040580974806,-0.4699533833576504,-1.2369860084813626,-1.14334109523738,-0.9149076347818313,-0.6660217081493002,-0.18490635668999958
44,2025-07-09 09:12:51+00:00,55.88,-1.4674274674664625,0.6695185423575277,-0.810135323454161,Smoke,-1.37626495672843,-1.2458588849298422,-1.2053782461016374,-0.8591209855287374,-1.0370992852434404,-0.9651870393203186,-0.7290420922798599,-0.8751482671967171,-0.4663223383068637
45,2025-07-09 12:19:21+00:00,56.4,-0.7816559581671312,-0.13342146222250795,-0.28739336262049536,Clouds,-1.3616856005225115,-1.4101897155361778,-0.717768717663297,0.05742327379008426,-1.4530070860613595,-1.3360612060407415,-0.8786832599090574,-1.2061889954600977,-0.8548579516359537
46,2025-07-09 15:10:40+00:00,68.52,-0.7816559581671312,-0.13342146222250795,-0.28739336262049536,Clouds,-1.0257772335381483,-0.6238650704652311,-0.7049489366339322,0.04287495221359502,-1.4374703003986213,-1.3220553840346834,-0.9880032483643932,-0.7184814362217787,0.060197885363398325
47,2025-07-09 18:14:00+00:00,77.33,-1.124541712816797,0.2234407620352857,0.7480378290308036,Smoke,-0.7814272235269533,-0.8364903660821069,-0.4637132158353291,0.4556835769464769,-1.0753436807209502,-0.9993612450151007,-0.4649060254992161,-0.7056590778568278,0.04567318953801178
48,2025-07-09 21:09:21+00:00,62.19,-1.124541712816797,0.2234407620352857,-0.28739336262049536,Smoke,-1.2013126822574074,-1.1366291217851971,-0.8283138929680975,0.03923787181947279,-0.812114677473402,-0.764623668193564,-0.6063535845262383,-0.4643748581481048,0.4578114335833547
49,2025-07-10 00:51:01+00:00,43.92,-2.1566278343122898,-0.044205906158059534,0.6072996088063556,Rain,-1.602536565044286,-1.7521404577249038,-0.9378416253340597,-0.26082126069561784,-1.2644741677308229,-1.1679913419680423,-0.8060188888845048,-0.82904883593225,0.04204201558166522
50,2025-07-10 03:46:52+00:00,49.38,-2.4960847314154595,2.1861829954531506,1.7834690206821031,Clouds,-1.5261407385252728,-1.6348075964241275,-0.8686046333461013,-0.23899877833088395,-1.810353156304342,-1.5534315635747662,-1.215483697714254,-0.9385985881534394,-0.25752983581693234
51,2025-07-10 06:15:43+00:00,54.72,-2.1531989767657937,1.6508896590664603,2.3011846165077525,Clouds,-1.4083395403814511,-1.356061019853223,-0.845406934340584,-0.17171279103962125,-1.647216906845589,-1.4800410562630206,-1.137428794714586,-0.8693476765078106,-0.23574279207885251
52,2025-07-10 09:13:16+00:00,43.38,-1.124541712816797,1.2048118787442181,1.2607270598484375,Smoke,-1.6101178302713637,-1.5929956099384919,-1.1165554775410382,-0.8336614227698812,-1.487666069462853,-1.36687401445407,-0.9519944947706238,-0.8461453137521848,-0.16856607388643977
53,2025-07-10 12:19:27+00:00,48.92,-0.43877020351746554,0.3126563180997341,0.7480378290308036,Clouds,-1.5325556552558768,-1.6429106945802585,-0.8484083910101575,-0.4063044764605101,-1.8264875106464165,-1.5607145910179163,-1.1096136497229918,-1.1173483696457935,-0.8294397339415271
54,2025-07-10 15:11:26+00:00,60.02,-0.7816559581671312,-0.13342146222250795,-0.28739336262049536,Clouds,-1.261379629825792,-1.6458278099164656,-0.3546942049387862,0.5829813907407575,-1.6609609864703192,-1.4862036179456863,-1.1428193266897013,-0.8491473738455663,-0.4027767940707977
55,2025-07-10 18:14:15+00:00,68.54,-1.124541712816797,0.2234407620352857,-0.28739336262049536,Smoke,-1.0251940592899114,-1.441953860308211,0.1464473145861059,1.155821552815021,-1.3293103694387887,-1.2256953286330023,-1.1447599182007429,-0.35533392967155625,0.5849025220554868
56,2025-07-10 21:09:42+00:00,73.54,-1.124541712816797,0.6695185423575277,-0.28739336262049536,Smoke,-0.8863985882095669,-1.2682234358407636,0.17254472596731285,1.1849181959679995,-1.0747461120416137,-0.9988010121348583,-1.0091341337068447,0.14590834117421106,1.1568124201800818
57,2025-07-11 00:51:43+00:00,88.96,-1.8103132221161282,1.1155963226797698,-0.28739336262049536,Smoke,-0.4589318642520352,-0.9369687832181306,0.574892536130989,1.6813796697656942,-0.925353942207591,-0.8654655866371836,-0.8935611281603753,0.1720109992742901,1.1858618118308548
58,2025-07-11 03:53:34+00:00,93.44,-0.7816559581671312,-0.13342146222250795,-0.28739336262049536,Smoke,-0.334715749377609,-0.5969627845868762,-0.050326149785255694,0.41385715241407023,-0.46462849043946525,-0.4548148854195551,-0.6731961810176667,0.5744396989107915,1.6815170568721702
59,2025-07-11 06:15:25+00:00,102.38,0.24700130578186583,-0.4902836864803016,0.7480378290308036,Smoke,-0.1142758835441205,-0.5246831490341883,-0.40292100023973015,-0.16625717044843774,-0.33077310626818074,-0.3354852819279385,-0.44700945934183356,-0.05090468325289568,0.41605293308536834
60,2025-07-11 09:12:03+00:00,94.57,0.9327728150811984,-1.5608703592536826,-1.3228245542717945,Smoke,-0.303224339972825,-0.9778083979250305,-0.8207848152206928,-1.1810026004085616,-0.06365990660494811,-0.12371725319633728,-0.39892591412380624,-0.4035704206635153,-0.16311931295191975
61,2025-07-11 12:18:46+00:00,117.23,0.9327728150811984,-1.2040081349958889,0.7480378290308036,Smoke,0.23737818814263495,-0.7379566925035547,-0.33892383938678966,-0.6227107599107873,-0.29701047588569174,-0.3052327063948526,-0.7003644621722471,-0.8215182445115644,-1.1762168467726308
62,2025-07-11 15:10:32+00:00,159.56,0.5898870604315315,-1.2040081349958889,-0.28739336262049536,Smoke,1.9857345843563865,0.5086239278356295,1.06886108293707,1.7632139786334466,0.38003483780209973,0.21410317358978836,-0.5408047157088378,-0.3395603935876877,-0.6188316444734223
63,2025-07-11 18:13:55+00:00,162.18,-0.09588444886779986,-0.13342146222250795,-0.28739336262049536,Smoke,2.2825702767088885,0.703098283582772,1.5641014334166985,1.7322987952834068,1.6447889476169364,1.893681348556296,0.28847472334288154,1.0685075549571221,1.76321847088997
64,2025-07-11 21:09:18+00:00,154.58,-0.43877020351746554,0.7587340984219761,0.7480378290308036,Smoke,1.4241377833044044,0.08078034519191601,0.9966735064264797,0.6902752623673656,1.7230704446099645,2.178839884599643,0.4178474907456459,1.5638474703650542,1.7323534922610233
65,2025-07-12 00:52:58+00:00,155.62,-0.43877020351746554,0.3126563180997341,-0.28739336262049536,Smoke,1.5407726329517528,0.01401081638539697,1.2736214743783136,1.0467091409913518,1.49599434646225,1.3541770848829315,0.0038546350568002467,0.9963054655925756,0.6920221537677125
66,2025-07-12 03:48:29+00:00,157.23,-0.09588444886779986,-0.4902836864803016,-0.810135323454161,Clouds,1.7233061726498526,0.15435647644958486,1.0539555438830859,-0.17716841163080474,1.5270679177877264,1.4662236609313979,-0.040563348418148897,1.2733091121750912,1.0478772014896829
67,2025-07-12 06:13:58+00:00,171.79,1.275658569730864,-1.2040081349958889,-1.3228245542717945,Smoke,2.438277800988099,1.0829715251421907,0.7842314207970056,-0.9791446385347736,1.5751721964742813,1.6415765524472472,0.052800665390846005,1.053599019239143,-0.17401283482095975
68,2025-07-12 07:58:24+00:00,155.04,1.275658569730864,-1.2040081349958889,0.7480378290308036,Smoke,1.4760402913974744,-0.13152082649871508,-0.42326985901649966,-1.386497642676472,2.010202195030956,3.220873041850379,0.6705556297390456,0.7838206698305288,-0.9746866921953926
69,2025-07-12 09:10:01+00:00,153.63,1.275658569730864,-1.2040081349958889,-0.810135323454161,Smoke,1.3162505473806074,-0.24496420068454827,-0.4867582984000205,-1.3901347230705943,1.5097384260869795,1.404037811224499,-0.13737730269121776,-0.42392337044915196,-1.3813781753062155
70,2025-07-12 12:17:17+00:00,159.27,1.275658569730864,-1.2040081349958889,-0.28739336262049536,Smoke,1.953660000703366,0.12421295130877752,0.09532080690947235,-0.5863399559695643,1.467609834193785,1.2505340020381006,-0.2128447503428303,-0.4874245737803382,-1.3850093492625624
71,2025-07-12 15:09:28+00:00,132.79,0.5898870604315315,-0.13342146222250795,-0.28739336262049536,Smoke,0.6059443130282555,-0.5930732974719334,-0.012731633195174017,-0.14807176847782627,1.6361242017665634,1.862868540142968,0.03274788644341738,0.09477155483779884,-0.5825199049099561
72,2025-07-12 18:12:58+00:00,138.28,-0.43877020351746554,0.3126563180997341,-1.3228245542717945,Smoke,0.735992170385049,-0.44365216747287883,0.3126466186453713,0.2720110170433004,0.8449432703255781,0.5681703539029411,-0.44442200399377835,-0.013302608523931987,-0.14496344317018667
73,2025-07-12 21:08:39+00:00,148.28,-0.43877020351746554,0.3126563180997341,0.225295868197138,Smoke,0.9727609151691664,-0.24172296142209562,0.4828648223130485,0.45932065734059907,1.0089758728033356,0.6931022861969812,-0.3450205943726544,0.31214105854839874,0.2744371487878497
74,2025-07-13 00:57:25+00:00,155.69,-0.7816559581671312,0.6695185423575277,-1.3228245542717945,Smoke,1.5489370724270672,0.10152427647161125,1.101419256979901,0.990334394882456,1.307760212471381,0.9205568355753677,-0.21068853755278402,0.48239348350524947,0.46144260753970123
75,2025-07-13 03:55:37+00:00,164.83,-0.09588444886779986,-0.13342146222250795,-0.810135323454161,Smoke,2.438277800988099,0.7322694369448437,0.9656923689388479,-0.3153774666074524,1.5291594081654025,1.4740669212547906,0.017654396913095123,1.1010722746141406,0.9915940051663099
76,2025-07-13 06:14:32+00:00,183.63,0.5898870604315315,-0.4902836864803016,0.7480378290308036,Smoke,2.438277800988099,1.8563312131633278,0.7708011740043378,-1.0173339826730576,1.8022482946219966,2.4656791192837164,0.4372534058560607,0.9653180995439437,-0.31199744516213185
77,2025-07-13 09:11:21+00:00,153.88,0.5898870604315315,-0.4902836864803016,1.7834690206821031,Smoke,1.3442429112959708,-0.27672834545658126,-0.41909834296726195,-1.3792234818882274,2.3639628531979215,4.506047269126286,1.1850280014440384,0.7703877229720086,-1.0128140187370323
78,2025-07-13 12:17:50+00:00,152.72,0.5898870604315315,-0.8471459107380952,-1.3228245542717945,Smoke,1.2141950539391777,-0.34933210493551453,-0.19765188732906716,-0.9573221561700396,1.4750794426854863,1.2774251802897323,-0.23397563568528157,-0.4197510157430965,-1.3741158273935223
79,2025-07-13 15:09:05+00:00,161.47,0.24700130578186583,-0.4902836864803016,-0.28739336262049536,Smoke,2.202092230452218,0.22145012918234883,1.0153435843541656,0.2956520396050952,1.440420459283993,1.1524932479956929,-0.28227480218231366,-0.19826003970090514,-0.9528996484573127
80,2025-07-13 18:12:50+00:00,163.2,-0.09588444886779986,-0.4902836864803016,-0.810135323454161,Smoke,2.3974556036115264,0.37702961378006333,1.689653892069367,0.8521253399058083,1.701856756493533,2.1015277471262013,0.09743427014479956,1.014979297020897,0.29803977950410265
81,2025-07-13 21:08:41+00:00,162.17,-0.43877020351746554,0.3126563180997341,-1.3228245542717945,Smoke,2.280820753964178,0.3105842088997892,1.8484258626751116,0.7284646065056499,1.7535464472561044,2.289205762007382,0.20093248406701128,1.689425170542433,0.8536093948251378
82,2025-07-14 00:55:09+00:00,163.28,-0.7816559581671312,0.2234407620352857,-1.3228245542717945,Smoke,2.406786391583315,0.3942081818710605,1.9177137268100113,0.2920149592109729,1.7227716602702958,2.177159185958916,0.15673012187106655,1.8482290612448633,0.7301494803093522
83,2025-07-14 03:58:07+00:00,161.44,-0.09588444886779986,-0.13342146222250795,-0.28739336262049536,Smoke,2.1985931849627978,0.2703928420453799,1.1658233950083767,-0.6936338275961724,1.7559367219734492,2.29816948809126,0.2123604118542552,1.9175308552649557,0.2944086055477561
84,2025-07-14 06:17:14+00:00,155.62,-0.7816559581671312,1.6508896590664603,-0.28739336262049536,Thunderstorm,1.5407726329517528,-0.17624992832055772,0.5706192757878672,-1.1482688768614608,1.7009604034745287,2.0981663498447474,0.12999308327449535,1.1654893606856807,-0.6896395366221818
85,2025-07-14 09:17:45+00:00,151.94,-1.4674274674664625,1.6508896590664603,-1.3228245542717945,Clouds,1.1261357424554292,-0.45758949630142404,0.4305682552567509,-1.0537047866142808,1.5270679177877264,1.4662236609313979,-0.16713303919385344,0.5701655794558076,-1.1435362811655112
86,2025-07-14 12:20:05+00:00,159.98,-1.124541712816797,1.6508896590664603,-0.28739336262049536,Smoke,2.0341380469600367,0.06943600777333242,0.8141442431988568,-0.5881584961666255,1.4171152807898855,1.0678980830791005,-0.3542923093698525,0.4300864025561633,-1.0491257583004985
87,2025-07-14 15:11:44+00:00,119.71,-0.7816559581671312,0.6695185423575277,-0.28739336262049536,Smoke,0.29627878721454576,-0.8841365832401568,0.470604634900045,-0.2717325018779847,1.6573378898829938,1.9401806776164103,-0.0036921097083611907,0.8137395060154147,-0.5843354918881294
88,2025-07-14 18:15:30+00:00,134.44,-1.124541712816797,0.6695185423575277,-0.28739336262049536,Smoke,0.6450169876601173,-0.6478502410073785,0.9607577706854817,0.06833451497245095,0.45413335403977473,0.2706866944942637,-0.6380499125399156,0.4701308312594035,-0.2684233576859722
89,2025-07-14 21:09:55+00:00,136.88,-1.124541712816797,0.6695185423575277,-0.28739336262049536,Smoke,0.7027512382355547,-0.6131689808991381,1.0235340000118154,-0.0989711831571752,0.8942426863708058,0.6057059568791774,-0.4808620001455569,0.9603825092209272,0.071091407232438
90,2025-07-15 00:53:44+00:00,119.79,-1.4674274674664625,0.6695185423575277,-0.28739336262049536,Clouds,0.29802830995925605,-0.9048805145198521,0.7761936215801815,-0.4754090039488339,0.967146065249809,0.6611690120231684,-0.45779052329206393,1.023171359309616,-0.09594259475950717
91,2025-07-15 03:55:03+00:00,98.21,-0.7816559581671312,-0.4010681304158532,-0.2773406326044635,Clouds,-0.2023351950278688,-1.2202530947564685,0.9132431854417247,-0.2553656401044343,0.45652362875711944,0.27236739313499075,-0.6518496743962104,0.7757812546652021,-0.4717690992413837
92,2025-07-15 06:16:17+00:00,106.2,-1.1451148580957764,-1.5608703592536826,0.8385123991750922,Clouds,-0.023883875067425668,-1.1087544641281066,0.9666080675838029,-0.2717325018779847,-0.18825297624652315,-0.20831241811292955,-0.8616491788676934,0.9128583714714654,-0.25208307488241233
93,2025-07-15 09:19:49+00:00,119.89,0.24700130578186583,-0.4902836864803016,0.7480378290308036,Clouds,0.30036100695220297,-0.9304863046932258,1.0762375442436487,-0.10806388414248076,0.0504757111482455,-0.03688115675877614,-0.7874754588901084,0.9662339822842976,-0.2684233576859722
94,2025-07-16 10:06:45+00:00,70.28,-0.09588444886779986,0.3126563180997341,0.7480378290308036,Clouds,-0.9767905966862619,-1.6354558442766178,1.0901765125057359,-0.5517876922254024,0.4595114721537997,0.27460832465596,-0.6688837554375744,1.075885499254415,-0.10502052965037356
95,2025-07-16 12:20:53+00:00,62.92,-0.43877020351746554,0.7587340984219761,2.3011846165077525,Smoke,-1.1809015835691217,-1.7595953080285438,1.0111720683049281,-0.4063044764605101,-1.022757636939374,-0.9523016830747449,-1.137860037272595,1.0898272698575762,-0.548023752324663
96,2025-07-16 15:11:34+00:00,84.5,-0.7816559581671312,1.2048118787442181,-0.28739336262049536,Smoke,-0.5825648048782243,-1.2772989057756303,1.7233821254918624,1.5377149941978632,-1.2426629109350555,-1.1483831911595608,-1.2204429871313598,1.0108069423148418,-0.4027767940707977
97,2025-07-16 18:15:17+00:00,97.2,-1.124541712816797,1.2048118787442181,0.7480378290308036,Smoke,-0.23032755894323226,-0.9888286114173687,2.1965439641986966,1.7395729560716513,-0.5978863059314133,-0.5735842560309291,-0.8995985239725043,1.7231601848121259,1.5380856855964784
98,2025-07-16 21:10:32+00:00,90.79,-1.124541712816797,1.2048118787442181,0.7480378290308036,Smoke,-0.4081957046554386,-1.077962691134809,1.6236727174856915,0.8630365810881754,-0.21843019455299548,-0.23520359636456126,-0.7076955856584038,2.1964171497026426,1.7396158401737165
99,2025-07-17 00:53:51+00:00,91.92,-1.124541712816797,1.6508896590664603,-0.28739336262049536,Mist,-0.3767042952506546,-0.8112086998349783,1.4742103497703192,0.49569146128182234,-0.40995095628021255,-0.40607462483847223,-0.7669914373846708,1.6234307308625058,0.8645029166941778
100,2025-07-17 03:53:20+00:00,106.81,-0.43877020351746554,0.7587340984219761,0.7480378290308036,Mist,-0.00930451886150712,0.011741948901680066,1.351455859199457,0.1738098464019979,-0.37618832589772355,-0.37582204930538643,-0.5895351247638789,1.4739383146870044,0.4977543471031678
101,2025-07-17 06:16:31+00:00,123.28,0.24700130578186583,0.3126563180997341,0.7480378290308036,Smoke,0.38083905320887307,0.6061852296354462,1.1392172621577503,-0.15534592926607088,0.06870155586799626,-0.022875334752717864,-0.04207269737118131,1.3511591451051512,0.1763954519664904
102,2025-07-17 09:15:18+00:00,102.28,0.9327728150811984,-0.4902836864803016,2.3011846165077525,Smoke,-0.11660858053706742,0.021465666689037106,0.11053157884510764,-0.9973300405053851,0.5607993633012672,0.3519204621294014,0.35337672832326844,1.1388778788409606,-0.15222579108287992
103,2025-07-17 12:20:36+00:00,102.97,0.5898870604315315,-0.4902836864803016,0.7480378290308036,Smoke,-0.100279701586439,-0.036876640035105594,0.189892128074509,-0.6117995187284204,-0.0666477500016284,-0.12595818471730655,-0.03560405900104315,0.1099853848025623,-0.9928425619771257
104,2025-07-17 15:11:38+00:00,104.42,-0.09588444886779986,0.3126563180997341,-0.28739336262049536,Smoke,-0.06587242094047102,-0.6439607538924358,1.0677418957043476,0.6120780338937359,-0.04603163056453333,-0.11027166407052162,-0.0744158892218724,0.18936188896654546,-0.6079381226043825
105,2025-07-17 18:15:39+00:00,102.65,-0.43877020351746554,0.7587340984219761,-0.28739336262049536,Smoke,-0.10786096681351637,-0.7933818838914903,1.4734472675661905,0.8994073850293983,-0.002707901312666639,-0.0772179241362239,-0.4782745447975017,1.0673881427189118,0.6139519137062599
106,2025-07-17 21:10:16+00:00,93.61,-0.7816559581671312,0.6695185423575277,-1.3228245542717945,Smoke,-0.3300503553917152,-0.9492854924154498,1.1604818195794748,0.4284054739905595,-0.055592729433910575,-0.11755469151367168,-0.5776759544186256,1.4731750790700433,0.900814656257644
107,2025-07-18 00:52:57+00:00,101.57,-1.124541712816797,1.2048118787442181,-1.3228245542717945,Mist,-0.1335206337359333,-0.9071493820035688,1.4586943449530327,0.7248275261115277,-0.3256937724938239,-0.3310034188859999,-0.6813897896198418,1.1601467113669512,0.4305776289107549
108,2025-07-18 03:55:18+00:00,101.98,-0.43877020351746554,0.7587340984219761,-0.28739336262049536,Smoke,-0.12360667151590858,-0.8018091059738665,1.1177492161482583,-0.12443074591603112,-0.08786143811805987,-0.1422049382443345,-0.6533590233492427,1.4584191904754567,0.7265183063530057
109,2025-07-18 06:16:14+00:00,114.25,0.9327728150811984,-0.8471459107380952,-0.28739336262049536,Smoke,0.16681410410598912,-0.535379238600281,0.7408374794555447,-0.48450170493413963,-0.07561128019166968,-0.13268097928021477,-0.5832821076727454,1.1174055168171138,-0.12136081245393339
110,2025-07-18 09:15:19+00:00,91.59,0.5898870604315315,-0.4902836864803016,-0.28739336262049536,Clouds,-0.38603508322244245,-1.0063313034346115,-0.029265080951299278,-1.0136969022789355,0.29099710458102207,0.14631499508046628,-0.40604141633095825,0.7404180044126587,-0.4808470341322503
111,2025-07-18 12:20:48+00:00,113.11,-0.09588444886779986,-0.13342146222250795,-0.28739336262049536,Smoke,0.13998808868709894,-0.6760490225907143,0.39582257889541667,-0.24991001951325081,-0.38604820910676896,-0.38478577538926373,-0.7193391347246526,-0.02983938022476179,-1.0091828447806857
113,2025-07-18 18:14:54+00:00,129.56,-0.43877020351746554,0.3126563180997341,-1.8405401500974439,Smoke,0.5295484865092425,-0.6303475489901357,1.2617173919939033,0.9085000860147042,0.25693568985886484,0.120544282589319,-0.49962105141895785,0.39533374079718847,-0.24663631394789234
114,2025-07-18 21:10:05+00:00,145.64,-0.7816559581671312,0.6695185423575277,-1.8405401500974439,Smoke,0.910361270607835,-0.41383276625831694,1.5897918676223703,0.8812219830587869,0.7484359286127998,0.49477984659119606,-0.46921845107930815,1.2614026365504936,0.9098925911485107
116,2025-07-19 03:47:47+00:00,154.13,0.5898870604315315,-0.4902836864803016,-0.28739336262049536,Smoke,1.373401623707808,-0.24820543994700045,1.021702602721906,-0.7918349982374747,1.2288811467990166,0.8606119173894383,-0.3251834367042305,1.589543069469421,0.8826587864759109
117,2025-07-19 06:14:48+00:00,157.96,1.275658569730864,-1.2040081349958889,0.7480378290308036,Smoke,1.805533741651234,-0.03784901181384134,0.3839693686579485,-1.2646554494733746,1.4825490511771875,1.305436824301849,-0.21500096313287623,1.0213395938289085,-0.7876812334435409
118,2025-07-19 09:10:36+00:00,111.81,1.6185443243805298,-1.8285170274470277,1.7834690206821031,Clouds,0.10907985353055155,-1.0371230764279091,-0.4854864947264724,-1.421049906420634,1.5969834532700493,1.7205693885614164,-0.07506275305888624,0.3834781475470552,-1.2597338477686033
119,2025-07-19 12:18:01+00:00,117.97,1.6185443243805298,-1.8285170274470277,-0.28739336262049536,Clouds,0.25487341558973703,-0.941506518185564,-0.4415838319155921,-1.2137363239556622,0.21809372570201901,0.09085193993647539,-0.7398231562300903,-0.4861525144187359,-1.4158743278915087
120,2025-07-19 15:10:03+00:00,152.71,1.275658569730864,-1.2040081349958889,-0.28739336262049536,Clouds,1.2124455311944673,-0.3412290067793836,-0.12220849341419412,-0.45722360197822226,0.4021448789375349,0.23091015999705813,-0.6762148789237311,-0.44224102525622483,-1.2088974123797505
121,2025-07-19 18:13:37+00:00,149.43,0.5898870604315315,-0.8471459107380952,-0.28739336262049536,Smoke,1.0001701048362932,-0.4225841122669384,-0.03933776604580001,-0.31719600680451354,1.4401216749443253,1.1508125493549657,-0.27688427020719847,-0.12280147837065723,-0.45361322945965044
122,2025-07-19 21:09:20+00:00,124.37,-0.09588444886779986,-0.13342146222250795,-1.3228245542717945,Smoke,0.40649872013129,-0.6848003685993357,-0.1812710560137678,-0.35902243133692013,1.3421204115332064,0.9468877809467572,-0.331005211237355,-0.03991409036865175,-0.3138130321403051
124,2025-07-20 04:00:17+00:00,96.36,0.9327728150811984,-0.8471459107380952,-0.28739336262049536,Smoke,-0.25365452887270185,-0.30103763992497407,-0.49906935795996615,-0.7100006893697228,0.5933668563250842,0.3765707088600643,-0.5054428259520821,-0.18187591512346776,-0.3555715326382915
125,2025-07-20 06:15:00+00:00,120.75,1.275658569730864,-1.471654803189234,0.7480378290308036,Clouds,0.320772105640489,0.07883560163444452,-0.6891785710819357,-1.0973497513437485,-0.2435280790851114,-0.2576129115742544,-0.25014723161062713,-0.4997381084006485,-0.7059798194257416
126,2025-07-20 09:10:44+00:00,83.58,1.6185443243805298,-1.8285170274470277,0.7480378290308036,Clouds,-0.608224471800641,-0.8099122041299974,-1.0108940283426624,-1.255562748488069,0.4852069253652516,0.2942164754644417,0.002560907382772554,-0.6898855417729592,-1.0926998457766581
127,2025-07-20 12:18:31+00:00,78.17,1.6185443243805298,-1.471654803189234,0.7480378290308036,Clouds,-0.7581002535974837,-0.9110388691185117,-0.9421148856771813,-1.0264266836583635,-0.6253744651808736,-0.5982345027615917,-0.5886726396478605,-1.011665677883875,-1.2506559128777368
128,2025-07-20 15:10:06+00:00,62.38,0.5898870604315315,-0.4902836864803016,0.7480378290308036,Clouds,-1.1960641140232768,-1.309387174473909,-0.32442527750834155,0.3465711651228077,-0.7870167929412861,-0.7422143529838708,-0.655946478697298,-0.9428727076084231,-1.021891953627899
129,2025-07-20 21:09:31+00:00,67.21,-0.09588444886779986,0.3126563180997341,-0.28739336262049536,Smoke,-1.0619340369288264,-0.9398858985543379,-0.221154819216236,0.6484488378349592,-1.25879726527713,-1.1629492460458613,-0.9209450305939604,-0.32505891686542177,0.3488762148929557
130,2025-07-21 00:57:04+00:00,70.56,-0.43877020351746554,0.7587340984219761,-1.3228245542717945,Smoke,-0.9692093314591843,-0.5522336827650335,-0.39406924667183535,0.48659876029651644,-1.1144844292174643,-1.0340956835901254,-0.6751367725287082,-0.22176769670331553,0.6502636532697265
131,2025-07-21 03:59:58+00:00,77.39,0.24700130578186583,-0.13342146222250795,1.7834690206821031,Smoke,-0.7796777007822432,0.2694204702666442,-0.5673397791560281,-0.11897512532484777,-1.0143916754286688,-0.9450186556315947,-0.41725372283919787,-0.39471688750676326,0.48867641221230107
132,2025-07-21 06:17:33+00:00,83.47,0.9327728150811984,-1.2040081349958889,0.7480378290308036,Smoke,-0.6111403430418247,0.5864136701344866,-0.6677613972193859,-0.32992578818394164,-0.8103219714353938,-0.7629429695528371,0.1293462194374815,-0.5680222549314596,-0.11591405151941356
133,2025-07-21 07:15:52+00:00,72.45,0.9327728150811984,-1.2040081349958889,-0.28739336262049536,Smoke,-0.9167236491178774,-0.01678095660790071,-0.9726381738423355,-0.8863990884846547,-0.628661092917222,-0.6010356671628034,0.34022383030398745,-0.6684640621235767,-0.32652214098751836
134,2025-07-21 09:19:19+00:00,57.69,0.9327728150811984,-0.8471459107380952,0.7480378290308036,Clouds,-1.3261119713800702,-0.9473407488579783,-1.1553709256577263,-1.0700716483878314,-0.9579214352314082,-0.8945976964097848,-0.06104736992358664,-0.9734021322868782,-0.8820917563085534
135,2025-07-21 09:42:29+00:00,55.44,0.9327728150811984,-0.8471459107380952,-0.28739336262049536,Clouds,-1.3885116159414017,-1.111995703390559,-1.1526747018698043,-0.9827817189288959,-1.3989271205814435,-1.2878811783399011,-0.6800960619458141,-1.1561716213618956,-1.0654660411040586
136,2025-07-21 12:21:23+00:00,53.04,0.5898870604315315,-0.8471459107380952,2.3011846165077525,Clouds,-1.4549934802403903,-1.325917494712416,-1.0280888140090327,-0.5517876922254024,-1.4661535970067536,-1.3478260965258306,-0.7896316716801545,-1.1534748555152987,-0.9783178661517392
137,2025-07-21 15:11:39+00:00,67.24,-0.7816559581671312,0.2234407620352857,1.7834690206821031,Smoke,-1.0613508626805894,-1.1385738653426685,-0.3390255836806737,0.7611983300527506,-1.5378618385270846,-1.4116926448734564,-0.9319417158231953,-1.0288639204527381,-0.548023752324663
138,2025-07-21 18:16:02+00:00,57.88,-0.7816559581671312,0.6695185423575277,-0.28739336262049536,Smoke,-1.3208634031459399,-1.470476765817792,-0.4908789423023163,0.41567569261113135,-1.11358807619846,-1.0335354507098828,-0.8073126165585323,-0.3396621583366161,0.762830045916472
139,2025-07-21 21:10:22+00:00,65.83,-1.124541712816797,0.6695185423575277,-0.28739336262049536,Smoke,-1.1004235373124513,-1.087686408922166,-0.5674923955968537,0.1137980198989798,-1.3932502181277504,-1.2828390824177203,-1.0281088062592503,-0.49154604611192965,0.4178685200635416
140,2025-07-22 00:53:40+00:00,69.02,-1.124541712816797,1.2048118787442181,0.225295868197138,Mist,-1.0117810515804664,-0.4851400300322693,-0.653568068222589,-0.02622957527472897,-1.1557166680916544,-1.0710710536861192,-0.7734600757548089,-0.5681749020548518,0.11648108168677093
141,2025-07-22 03:55:16+00:00,77.08,-0.7816559581671312,0.6695185423575277,-0.28739336262049536,Mist,-0.7884253145057942,-0.012567345566712764,-0.6567221413329883,-0.524509589269485,-1.060404463737548,-0.9859156558892846,-0.3726201180852442,-0.654267879648095,-0.023319115632574418
142,2025-07-22 06:16:42+00:00,89.7,-0.43877020351746554,0.3126563180997341,1.7834690206821031,Smoke,-0.43852076556374914,0.05971228998597538,-0.7455449098935873,-0.8645766061199208,-0.8195842859651031,-0.771346462756472,-0.05824429329652685,-0.6574225868648688,-0.5207899476520632
143,2025-07-22 09:16:06+00:00,89.99,0.5898870604315315,-0.13342146222250795,0.7480378290308036,Smoke,-0.4303563260884347,-0.5431582128301669,-0.6124633734935145,-0.7027265285814781,-0.4425184493040296,-0.43520673461107345,-0.010160748078499347,-0.7462632126791727,-0.8603047125704736
144,2025-07-22 10:07:40+00:00,86.2,0.5898870604315315,0.3126563180997341,0.7480378290308036,Smoke,-0.5353276907710482,-0.7029513084690691,-0.5503484820774254,-0.5372393706489131,-0.43385370345365654,-0.4273634742876808,-0.41121632702706884,-0.613154921081109,-0.6987174715130484
145,2025-07-22 12:20:49+00:00,76.47,0.24700130578186583,-0.13342146222250795,1.0295142694797008,Smoke,-0.8053373677046597,-0.9599815819815425,-0.5921653868636869,-0.346292649957492,-0.5470929681878456,-0.5282053927313004,-0.5175176175763402,-0.5510275418604529,-0.5334990564992764
145,2025-07-22 15:11:40+00:00,54.45,-0.43877020351746554,0.7587340984219761,0.7480378290308036,Smoke,-1.4159208056085284,-1.613415417291942,-0.20202689196607268,0.3556638661081133,-0.837810130684854,-0.7875932162834995,-0.6885052918269937,-0.5928528536699363,-0.34286242379107823
146,2025-07-22 18:15:28+00:00,54.43,-0.7816559581671312,0.6695185423575277,-0.28739336262049536,Smoke,-1.4165039798567653,-1.5673898197651182,0.04297336770623286,0.9485079703500497,-1.49573324663389,-1.37415704189722,-1.123197790300282,-0.2026359239048171,0.3579541497838221
147,2025-07-22 21:10:26+00:00,55.25,-1.124541712816797,1.2048118787442181,0.7480378290308036,Smoke,-1.3937601841755325,-1.2312733082488065,-0.44514488220152704,0.41022007201994803,-1.4963308153132262,-1.3747172747774625,-1.0925795686816278,0.04241359151424866,0.9498355046683238
148,2025-07-23 00:54:14+00:00,70.28,-1.124541712816797,1.2048118787442181,0.7480378290308036,Thunderstorm,-0.9767905966862619,-0.4890295171472121,-0.4453992429362364,0.13198342186959158,-1.4718304994604465,-1.3528681924480117,-0.8689803023538499,-0.44580279146871143,0.4124217591290218
149,2025-07-23 03:56:52+00:00,78.72,-2.4960847314154595,1.6508896590664603,-0.28739336262049536,Clouds,-0.7429377231433283,0.11319273781643979,-0.7192440099246129,-0.5026871069047512,-1.022757636939374,-0.9523016830747449,-0.3752075734332994,-0.44605720334103166,0.13463695146850435
150,2025-07-23 06:17:27+00:00,84.88,-1.4674274674664625,1.2048118787442181,-0.28739336262049536,Smoke,-0.5720676684099629,0.1459292543672085,-0.8570057838433427,-0.8682136865140431,-0.7705836542595437,-0.7276482980975701,0.02541676295726097,-0.7199570250812375,-0.4990029039139834
151,2025-07-23 09:16:38+00:00,81.43,-0.7816559581671312,0.2234407620352857,-0.28739336262049536,Smoke,-0.6677082451207886,-0.3921164631998859,-1.0949856872376627,-1.3774049416911662,-0.5865325010240278,-0.5635000641865672,0.047194512136726104,-0.8577464951299978,-0.8639358865268201
152,2025-07-23 12:20:51+00:00,79.62,-0.43877020351746554,-0.13342146222250795,-1.3228245542717945,Smoke,-0.7178612304691484,-0.4621272312688574,-1.006468151558715,-1.2301031857292126,-0.6896130982095031,-0.6553782565463095,-0.3107368110109218,-1.0957742428730188,-1.372300240415349
153,2025-07-23 15:12:12+00:00,89.84,-0.7816559581671312,0.2234407620352857,-1.3228245542717945,Smoke,-0.4344385458260919,-0.2871003110964291,0.43774122797556203,1.377683456856482,-0.7436930636894195,-0.70355828424715,-0.357311007275917,-1.0072389113054991,-1.2252376951833102
154,2025-07-23 18:15:06+00:00,98.38,-0.7816559581671312,0.2234407620352857,-1.3228245542717945,Smoke,-0.19766980104197457,-0.2054210816826293,1.1043189693555906,2.110555156272127,-0.43833546854867694,-0.4312851044493771,-0.24087551661342915,0.4372608173556001,1.3783140315172266
155,2025-07-23 21:10:55+00:00,89.38,-0.7816559581671312,0.6695185423575277,0.7480378290308036,Smoke,-0.4472683792873002,-0.5084769527219264,0.6689551358266063,1.39041323823591,-0.1831736424721663,-0.2038305550709906,-0.18653895430426823,1.1039725699585936,2.1099955837210738
156,2025-07-24 00:53:35+00:00,89.13,-1.124541712816797,1.2048118787442181,-1.3228245542717945,Mist,-0.45426647026614114,-0.712350902330181,0.6537952360379129,0.9848787742912727,-0.4520795481734073,-0.4436102278147083,-0.38814485017357586,0.6685212092948971,1.3910231403644397
157,2025-07-24 03:55:45+00:00,87.87,-0.7816559581671312,1.2048118787442181,-0.28739336262049536,Mist,-0.48925692516034575,-0.2083381970188361,0.1285403188625488,0.07742721595775685,-0.4595491566651084,-0.45033302237761635,-0.5237706346674738,0.6533582617045977,0.98614724423179
158,2025-07-24 06:16:45+00:00,84.37,-1.124541712816797,0.6695185423575277,-0.28739336262049536,Smoke,-0.5860638503676449,-0.04627623389621723,-0.4062276897909551,-0.46631630296352816,-0.49719598346328187,-0.4839469951921563,-0.18847954581530946,0.12799774536285086,0.08016934212330472
159,2025-07-24 09:15:46+00:00,64.88,0.24700130578186583,-0.4902836864803016,1.2607270598484375,Smoke,-1.1266663784831046,-0.6215962029815144,-1.1072458746506662,-1.1882767611968061,-0.6017705023470978,-0.5769456533123832,-0.08066890631300583,-0.4068777750036811,-0.46269116435051716
160,2025-07-24 12:21:13+00:00,67.32,-1.124541712816797,1.6508896590664603,-0.28739336262049536,Clouds,-1.0590181656876425,-0.42290823619318363,-1.0129797863672814,-0.9209513522288166,-1.1841011803601187,-1.096281533297024,-0.4633966765461838,-1.1080368951188648,-1.183479194685324
161,2025-07-24 15:11:26+00:00,85.45,-0.7816559581671312,0.6695185423575277,-0.28739336262049536,Smoke,-0.5563219637075709,-0.8300078875572022,-0.10364015978039173,0.39385321024639763,-1.1111978014811157,-1.0312945191889136,-0.33122083251635953,-1.013751855236903,-0.9165879088938464
162,2025-07-24 18:15:32+00:00,105.41,-0.7816559581671312,0.6695185423575277,-0.28739336262049536,Smoke,-0.04254545101100143,-0.5457512042401287,1.0153435843541656,1.7977662423776082,-0.569501793662949,-0.5483737764200243,-0.6020411589461463,-0.1042294116912636,0.3960814763254619
163,2025-07-24 21:10:54+00:00,113.73,-1.124541712816797,0.6695185423575277,-1.3228245542717945,Smoke,0.1545674448930175,-0.3830409932650195,1.315540123458459,2.2960462563723647,0.026871748314469715,-0.05480860892653075,-0.41294129725910567,1.014979297020897,1.7977146234752626
164,2025-07-25 00:53:33+00:00,116.09,-1.124541712816797,0.6695185423575277,-0.810135323454161,Smoke,0.21055217272374477,-0.42031524478322174,1.3822335080993207,1.5158925118331292,0.2754603189182838,0.13455010459537728,-0.3046994151987929,1.3152361887335027,2.2951854554947517
165,2025-07-25 03:55:37+00:00,87.53,-0.7816559581671312,0.6695185423575277,-0.28739336262049536,Smoke,-0.4985877131321336,-0.6877174839355429,0.2970288695342007,-0.11715658512778666,0.34597342307994255,0.1883324610986411,-0.3294958622843227,1.3819429816559266,1.5162986418583984
166,2025-07-25 06:17:06+00:00,95.86,-0.09588444886779986,-0.13342146222250795,-0.28739336262049536,Clouds,-0.2676507108303838,-0.44494866317785975,-0.06324767510850418,-0.6318034608960932,-0.5073546510119955,-0.4929107212760336,-0.5073834174631237,0.2965201695879226,-0.11409846454124027
167,2025-07-25 09:15:13+00:00,89.88,0.9327728150811984,-1.2040081349958889,-0.28739336262049536,Clouds,-0.43327219732961847,-0.29001742643263634,-0.8987209443357201,-1.341034137749943,-0.25846729606851365,-0.2710585007000705,-0.3458830794886728,-0.06382880636677479,-0.627909579364289
168,2025-07-25 12:20:30+00:00,112.62,1.275658569730864,-1.471654803189234,-0.28739336262049536,Clouds,0.12832460372236393,0.2665033549304369,-0.6494474243202931,-0.8700322267111043,-0.437140331190005,-0.4301646386888925,-0.2428161081244707,-0.8994700421905529,-1.3359885008518826
169,2025-07-25 15:11:45+00:00,134.14,0.5898870604315315,-0.8471459107380952,0.225295868197138,Clouds,0.6380188966812764,0.055822802871032376,0.6496237199886749,1.2558412636533847,0.24229525721513076,0.10933962498447221,0.12740562792643997,-0.6501464073165035,-0.8657514735049935
170,2025-07-25 18:15:24+00:00,139.26,0.24700130578186583,-0.4902836864803016,-0.810135323454161,Smoke,0.7593191403145187,0.14333626295724666,1.100147453306353,1.4795217078919063,0.8852791561807641,0.5989831623162696,-0.012748203426554732,0.649185906998542,1.2566697039796144
171,2025-07-25 21:10:18+00:00,122.37,-0.09588444886779986,-0.13342146222250795,-0.810135323454161,Smoke,0.3592616060241138,-0.11823174552265997,0.594173079821978,0.7375573074909558,1.0382567380908037,0.7155116014066744,0.045469541904689284,1.0998002152525383,1.4799869022949321
172,2025-07-26 00:52:18+00:00,105.95,-0.7816559581671312,0.6695185423575277,-0.28739336262049536,Smoke,-0.02971561754979317,-0.3768826386663598,-0.027179322926680273,0.01741538945473876,0.5336099883914751,0.33119184556043535,-0.1285368302520286,0.5937241188326821,0.739227415200219
173,2025-07-26 03:53:01+00:00,108.98,0.24700130578186583,-0.13342146222250795,-0.810135323454161,Smoke,0.04201481498332632,-0.09424657498051255,-0.2262420339104284,-0.2699139616809236,0.04300610265654436,-0.042483485561199526,-0.3006026108977053,-0.0277532028717339,0.020254971843585233
174,2025-07-26 06:14:52+00:00,129.69,-0.7816559581671312,0.2234407620352857,-0.810135323454161,Clouds,0.5324643577504261,0.25613138929058954,-0.40348059385609136,-0.853665364937554,0.13353775757596217,0.026425158708607406,-0.11258085560568779,-0.22685593414972471,-0.2666077707077989
175,2025-07-26 09:10:47+00:00,86.44,0.9327728150811984,-0.8471459107380952,-0.28739336262049536,Clouds,-0.5289127740404441,-0.8828400875351758,-0.7441204897792135,-1.4283240672088786,0.7523201250284842,0.4975810109924076,0.1205057469982927,-0.4041301267826204,-0.8494111907014337
176,2025-07-26 12:18:21+00:00,97.31,1.6185443243805298,-1.1147925789314406,-0.28739336262049536,Clouds,-0.2274116877020487,-0.795650751375207,-0.39610413254951216,-1.02097106306718,-0.5399221440358126,-0.5220428310486348,-0.6371874274238972,-0.7448385061941784,-1.423136675804202
177,2025-07-26 15:10:06+00:00,108.07,0.9327728150811984,-0.4902836864803016,-0.810135323454161,Clouds,0.020437367798566603,-0.5985834042181025,1.0230761506893384,1.806858943362914,-0.21514356681664698,-0.23240243196334975,-0.5791853033716579,-0.39675218248532684,-1.0164451926933789
178,2025-07-26 18:14:14+00:00,126.34,0.24700130578186583,0.3126563180997341,-0.810135323454161,Smoke,0.4531526599902292,-0.3791515061500765,1.7177861893282507,2.2560383720370187,0.10634838266616972,0.005696542139640904,-0.4480875657368567,1.0227134179394395,1.8067925583661293
179,2025-07-26 21:09:17+00:00,127.77,-0.09588444886779986,0.7587340984219761,-0.28739336262049536,Smoke,0.4869767663879601,-0.40929503129088357,1.7692179298865358,1.945067998339562,0.6522273712396892,0.4213893392794506,-0.3021119598507375,1.7175631236210755,2.2552425419749387
180,2025-07-27 00:58:56+00:00,133.26,-0.43877020351746554,1.2048118787442181,-0.28739336262049536,Mist,0.6170246237447538,-0.4037849245447145,1.4974080487758368,1.1485473920267766,0.6949535318122194,0.4538828463335057,-0.322164738798166,1.7690052042042723,1.9447771687073017
181,2025-07-27 04:01:54+00:00,145.1,0.9327728150811984,-0.044205906158059534,-1.3228245542717945,Smoke,0.8975314371466264,0.026327525582715856,0.4342819219835112,-0.4408567402046719,0.8589861342899763,0.5788147786275457,-0.3184991770550876,1.4971406774426306,1.1495500722673886
182,2025-07-27 06:15:21+00:00,159.75,1.6185443243805298,-1.1147925789314406,-1.3228245542717945,Smoke,2.0078952057893833,0.8304789865971507,-0.10425062554369484,-1.0664345679937088,1.2127467924569424,0.8482867940241067,-0.032369739815973915,0.43380081589204184,-0.4372729466560906
183,2025-07-27 09:11:11+00:00,124.47,1.9614300790301955,-1.471654803189234,-1.3228245542717945,Smoke,0.40883141712423693,-0.2657081319642435,-0.725755644733179,-1.388316182873533,1.650465850070629,1.9149701980055052,0.5025866533944567,-0.10484000018483272,-1.0618348671477118
184,2025-07-27 12:19:17+00:00,151.54,1.9614300790301955,-1.1147925789314406,-0.28739336262049536,Smoke,1.0800649768447268,0.08078034519191601,0.07639636824707682,-0.1298863665072148,0.5963546997217646,0.37881164038103354,-0.22664451219912515,-0.7264699690126412,-1.3831937622843888
185,2025-07-27 15:10:00+00:00,122.3,1.6185443243805298,-1.1147925789314406,-1.3228245542717945,Smoke,0.3575120832794035,-0.38660635645371705,0.7881994482584755,1.592271200109698,1.4051639072031636,1.0236396855399563,0.0038546350568002467,0.07584331153715687,-0.12680757338845355
186,2025-07-27 18:14:12+00:00,126.93,0.9327728150811984,0.3126563180997341,-0.28739336262049536,Smoke,0.4671488419479111,-0.3023341356299552,1.2296679394204908,1.5686301775479032,0.5315184980137986,0.3295111469197083,-0.30707124926784357,0.7877894950387277,1.5925532949416779
187,2025-07-27 21:09:48+00:00,114.59,0.24700130578186583,0.7587340984219761,-0.28739336262049536,Smoke,0.17497854358130355,-0.5107458202056431,1.066622708471625,1.3613165950829316,0.6698556472801039,0.43483492840526666,-0.2510097167266457,1.2293467406381153,1.568950664225425
188,2025-07-28 00:57:53+00:00,111.88,-0.43877020351746554,1.6508896590664603,-0.28739336262049536,Mist,0.11082937627526185,-0.3606764423540979,1.0170732373501912,1.166732793997388,0.3011557721297357,0.15415825540385894,-0.38965419912660815,1.0662687304807017,1.3619737487136667
189,2025-07-28 04:01:34+00:00,115.55,0.24700130578186583,0.7587340984219761,-0.28739336262049536,Mist,0.1977223392625361,0.6061852296354462,0.4916657037340014,0.20108794935791527,0.22018521607969513,0.09253263857720244,-0.2898215469474749,1.0167092977526764,1.1677059420491218
190,2025-07-28 06:19:01+00:00,139.14,1.9614300790301955,-1.471654803189234,-1.3228245542717945,Smoke,0.7564032690733351,1.5114633556383954,0.058998093992938774,-0.38811907448989846,0.3298390687378679,0.17600733773330948,0.35337672832326844,0.4911961342875374,0.20362925663909023
191,2025-07-28 09:18:25+00:00,109.57,-0.7816559581671312,1.6508896590664603,0.7480378290308036,Clouds,0.05601099694100783,0.7215733473787509,-0.7186844163082516,-1.06825310819077,1.0346713260147868,0.7127104370054629,0.9556069605831367,0.05844153947043743,-0.3846209242890644
192,2025-07-28 12:21:24+00:00,113.09,0.5898870604315315,-0.13342146222250795,-1.3228245542717945,Smoke,0.1394049144388619,0.585441298355751,-0.45241959921422187,-0.6299849206990319,0.15116603361637654,0.03987074783442306,0.4301379036489087,-0.7193973189621324,-1.063650454125885
193,2025-07-28 15:12:52+00:00,154.79,0.24700130578186583,-0.13342146222250795,-0.28739336262049536,Smoke,1.4474647532338745,1.9412516818395802,0.5296163253526766,1.1358176106473485,0.25633812117952887,0.11998404970907638,0.33957696646697355,-0.45307897101707634,-0.6260939923861156
194,2025-07-28 18:15:58+00:00,157.59,-0.09588444886779986,0.7587340984219761,0.7480378290308036,Smoke,1.7635451957781887,2.0871074486499372,1.2316519531512264,1.7959477021805474,1.5022688175952783,1.3765864000926251,1.2415207765432457,0.5291543856377497,1.1368409634201753
195,2025-07-28 21:10:41+00:00,155.06,2.9900873429791925,-2.5422414759626153,-0.28739336262049536,Smoke,1.4783729883904213,2.1875858657859606,0.6789260766272229,1.0539833017795963,1.5859284327023315,1.6802326211839687,1.3385503520953188,1.2313311532422155,1.7958990364970897
196,2025-07-29 00:59:38+00:00,146.85,-0.43877020351746554,0.7587340984219761,-1.3228245542717945,Mist,0.9389368087714351,2.6635618514770925,-0.5740040304054201,-0.29537352443977966,1.510335994766316,1.4062787427454684,1.4053929485867471,0.6784941546898587,1.0551395494023759
197,2025-07-29 04:03:36+00:00,151.9,-0.09588444886779986,1.2048118787442181,0.7480378290308036,Mist,1.120887174221299,2.6635618514770925,-0.8204287101920994,-0.8154760207992697,1.2650340518988503,0.8880633285213122,1.906712422272459,-0.5746878459862557,-0.29202598840222527
198,2025-07-29 06:18:08+00:00,2.12,0.24700130578186583,0.3126563180997341,2.3011846165077525,Smoke,-2.187460336025738,2.6635618514770925,-0.9685684020869818,-1.2355588063203962,1.4159201434312136,1.0628559871569196,2.646293409258262,-0.8211620678903159,-0.811283864159794
199,2025-07-29 09:16:51+00:00,157.92,0.9327728150811984,-0.044205906158059534,1.7834690206821031,Smoke,1.8008683476653402,2.6635618514770925,-1.1600002910294414,-1.341034137749943,-3.059271696116772,-2.1153451424578242,3.303075825106296,-0.9693315423297509,-1.2306844561178303
200,2025-07-29 12:21:45+00:00,156.45,0.5898870604315315,-0.13342146222250795,1.7834690206821031,Smoke,1.6352468611661053,2.6635618514770925,-1.0587138464680708,-1.046430625826036,1.5957883159113764,1.7160875255194779,3.248092398960121,-1.1608019174381279,-1.3359885008518826
201,2025-07-29 15:14:23+00:00,155.32,0.24700130578186583,0.3126563180997341,2.3011846165077525,Smoke,1.5075317008022584,2.6635618514770925,-0.6257410038453568,-0.06441891941301303,1.5518670179801737,1.5569813875306557,2.916898114409044,-1.0594951098801213,-1.0418634103878053
202,2025-07-29 18:16:30+00:00,140.89,-0.43877020351746554,0.7587340984219761,0.7480378290308036,Smoke,0.7978086406981438,1.3306022047935524,-0.4092291464605287,0.5938926319231245,1.5181043875976847,1.434290386757585,2.0595879090867255,-0.626435220816237,-0.06144644217421391
203,2025-07-29 21:10:51+00:00,107.06,-0.7816559581671312,0.6695185423575277,0.7480378290308036,Smoke,-0.0034727763791396176,0.41657273278198226,-0.36324072562502946,0.4647762779317828,1.086958585456695,0.7524869715026684,0.8352902868985655,-0.4098798350970627,0.5957960439245268
204,2025-07-30 00:54:47+00:00,97.01,-0.7816559581671312,0.6695185423575277,-0.28739336262049536,Smoke,-0.23557612717736312,0.05776754642850388,-0.22827691978810524,0.5829813907407575,0.0761711643596974,-0.017273005950294476,0.22723828010557334,-0.3638821685815237,0.4668893684742214
205,2025-07-30 04:00:07+00:00,96.05,-0.7816559581671312,0.6695185423575277,2.3011846165077525,Smoke,-0.2624021425962529,0.5429810640176247,-0.443059124176908,0.19017670817554824,-0.22410709700668827,-0.24024569228674242,-0.01145447575252704,-0.22889122912828827,0.5849025220554868
205,2025-07-30 06:18:34+00:00,101.17,-0.09588444886779986,0.3126563180997341,0.7480378290308036,Clouds,-0.14285142170772097,0.8606225117379576,-0.7100361513281246,-0.4335825794164273,-0.25279039361482086,-0.2660164047778893,0.31133057891737,-0.4437166141156836,0.19273573477005024
206,2025-07-30 09:18:36+00:00,111.78,0.24700130578186583,-0.13342146222250795,2.3011846165077525,Clouds,0.10849667928231493,0.6379493744074796,-0.9552907717351395,-0.9827817189288959,-0.09981281170478143,-0.1511686643282116,0.522639432341885,-0.7107473153032369,-0.43001059874339737
206,2025-07-30 10:04:23+00:00,117.67,0.5898870604315315,-0.13342146222250795,2.3011846165077525,Clouds,0.24787532461089629,0.537795081197701,-0.8230740618330793,-0.9464109149876727,0.21719737268301484,0.09029170705623317,0.37450761366572005,-0.9560512425946229,-0.9783178661517392
207,2025-07-30 12:21:43+00:00,130.94,0.24700130578186583,-0.13342146222250795,0.7480378290308036,Clouds,0.5622062444104998,0.4528746125214486,-0.38832069406739794,-0.48450170493413963,0.39318134874749366,0.2241873654341503,0.30788063845329633,-0.8238079513624486,-0.9420061265882729
208,2025-07-30 15:11:58+00:00,149.41,-0.43877020351746554,0.7587340984219761,-0.28739336262049536,Clouds,0.9995869305880563,0.08693869979057546,0.43194180322418274,0.03014517083416689,0.78966816748699,0.5261528878847663,0.25138786335408914,-0.38896717919232093,-0.4808470341322503
209,2025-07-30 18:15:30+00:00,133.4,-0.7816559581671312,0.6695185423575277,-0.28739336262049536,Clouds,0.620523669234174,-0.49518787174587153,0.768104950216416,0.21563627093440452,1.34152284285387,0.9463275480665145,0.007951439357887734,0.4314602266666937,0.03296408069079851
210,2025-07-30 21:10:27+00:00,152.89,-0.7816559581671312,0.6695185423575277,-0.28739336262049536,Smoke,1.23343980413099,-0.27186648656290296,1.5737671413356644,0.36111948669929694,0.8631691150453293,0.5821761759089994,-0.3793043777343869,0.7676909571254119,0.21815395246447677
211,2025-07-31 00:54:41+00:00,154.46,-1.124541712816797,1.2048118787442181,-0.28739336262049536,Smoke,1.4107247755949595,-0.17462930868933163,1.8951773657147393,0.4847802200994554,1.4454997930583495,1.1709809330436896,-0.23074131650021265,1.5735151215132321,0.3634009107183423
212,2025-07-31 03:59:31+00:00,156.45,-0.7816559581671312,0.6695185423575277,-0.810135323454161,Clouds,1.6346636869178681,0.0347547476650922,1.8908023610777338,-0.022592494880606738,1.4924089343862332,1.3412917286373582,-0.16605493279883046,1.8949899633773633,0.4868608252341278
213,2025-07-31 06:17:28+00:00,165.95,-0.09588444886779986,0.3126563180997341,-0.28739336262049536,Clouds,2.438277800988099,0.6013233707417674,1.8813401417465359,-0.3662965921251646,1.5518670179801737,1.556421154650413,-0.02676358656185402,1.8906140791734514,-0.019687941676227862
214,2025-07-31 09:17:22+00:00,155.08,0.5898870604315315,-1.2040081349958889,0.7480378290308036,Clouds,1.4801225111351317,-0.1555059970408625,1.214965888954275,-0.7081821491726616,1.835712140664817,2.5878098871765443,0.3501424091381992,1.8811499575231303,-0.3628338805509846
215,2025-07-31 12:19:30+00:00,156.14,0.5898870604315315,-0.8471459107380952,0.7480378290308036,Clouds,1.6002564062719002,-0.09846018602170048,1.7197702030589856,0.27019247684623926,1.5109335634456522,1.4079594413861953,-0.15333327733755858,1.214641734417993,-0.7041642324475683
216,2025-07-31 15:12:13+00:00,154.91,-0.43877020351746554,0.3126563180997341,0.225295868197138,Clouds,1.461460935191556,-0.16555383875446494,2.4236881002943864,1.45406214513305,1.5426047034504644,1.5233674147161154,-0.11538393223274758,1.719547536225175,0.27262156180967645
217,2025-07-31 18:16:15+00:00,133.43,-0.7816559581671312,0.6695185423575277,-0.28739336262049536,Clouds,0.621106843482411,-0.36715892087900276,1.2455909214133136,1.0648945429619634,1.5058542296712951,1.3900319892184407,-0.16001753698670143,2.4236069516848118,1.4545686846005055
218,2025-07-31 21:10:37+00:00,118.36,-1.124541712816797,1.2048118787442181,-0.810135323454161,Smoke,0.2642042035615247,-0.633264664326343,0.9721531316004728,1.0994468067061252,0.8640654680643336,0.582736408789242,-0.2941339725275671,1.2452729238453766,1.0660330712714159
219,2025-08-01 01:00:51+00:00,95.79,-1.124541712816797,1.2048118787442181,-0.28739336262049536,Mist,-0.2694002335750941,-1.0173515169269498,0.35726149151343845,0.43931671517292653,0.41379746818458873,0.23987388608093524,-0.4711590425903497,0.9717801611008838,1.1005292238567088
220,2025-08-01 04:10:20+00:00,87.36,-0.7816559581671312,1.2048118787442181,-1.3228245542717945,Clouds,-0.5032531071180274,-1.1531594420237044,0.15611302250507134,0.2629183160579945,-0.2605587864461898,-0.27273919934079754,-0.7266702582108093,0.35676490095340707,0.4414711507797949
221,2025-08-01 06:19:15+00:00,91.29,-0.43877020351746554,0.7587340984219761,0.7480378290308036,Smoke,-0.39419952269775665,-1.0818521782497519,0.40380950596529896,0.21018065034322117,-0.5124339847863524,-0.4973925843179721,-0.8170155741137397,0.15557599232238836,0.26535921389698297
222,2025-08-01 09:16:48+00:00,128.97,-0.43877020351746554,0.7587340984219761,1.7834690206821031,Smoke,0.5155523045515606,-0.5376481060839977,0.8041733023982396,0.6575415388202648,-0.39501173929681027,-0.39262903571265617,-0.7695788927327261,0.4033222735880511,0.21270719152995696
223,2025-08-01 12:21:00+00:00,156.13,-0.43877020351746554,0.7587340984219761,-0.28739336262049536,Clouds,1.5985068835271907,0.11740634885762773,1.0342680230165615,1.2667525048357515,0.730807652572385,0.48133425746538,-0.4075507652839905,0.8037665606204525,0.6593415881605929
224,2025-08-01 15:12:15+00:00,148.5,-1.124541712816797,0.6695185423575277,-0.28739336262049536,Smoke,0.978009483403297,-0.419342873004486,3.415237116339425,3.303517525544244,1.5423059191107966,1.521686716075389,0.028219839584320765,1.0339075403215394,1.2675632258486542
225,2025-08-01 18:15:30+00:00,155.17,-1.124541712816797,0.6695185423575277,-0.28739336262049536,Smoke,1.490619647603393,-0.0770680068895149,3.873137310963682,3.236231538252981,1.314333467944078,0.9255989314975485,-0.32884899844730886,3.4153553123644236,3.3010206414027694
226,2025-08-01 21:10:18+00:00,155.79,-1.124541712816797,0.6695185423575277,-0.28739336262049536,Smoke,1.5606005573918023,-0.0929500792755314,3.7661531859448165,2.4742631956843577,1.5136226225026639,1.4180436332305573,-0.10115292781844358,3.8733475649157127,3.2338439232103564
227,2025-08-02 00:52:01+00:00,157.58,-1.124541712816797,1.2048118787442181,-1.3228245542717945,Mist,1.7623788472817146,0.1005519046928755,3.807563113555542,1.8359555865158925,1.5321472515620829,1.4852715788596371,-0.11171837048966922,3.766341931417728,2.473112979355737
228,2025-08-02 03:51:28+00:00,154.45,-0.7816559581671312,0.2234407620352857,-1.3228245542717945,Smoke,1.4095584270984858,0.1715350445405825,2.9108397794102494,0.5902555515290023,1.5856296483626637,1.6791121554234834,0.017007533076081275,3.807760184231498,1.8358419500169023
229,2025-08-02 06:14:43+00:00,164.68,0.24700130578186583,-0.4902836864803016,-0.28739336262049536,Smoke,2.438277800988099,1.0259257141230291,2.1072124741686777,-0.4354011196134886,1.4921101500465648,1.3401712628768734,0.06422859317809021,2.9108565695529536,0.5921648699681802
230,2025-08-02 09:11:59+00:00,166.79,0.9327728150811984,-0.8471459107380952,-0.28739336262049536,Clouds,2.438277800988099,1.2262343005425858,1.1867318474015074,-1.259199828882191,1.7977665295269758,2.449992598636931,0.6326062846342349,2.1070677001436975,-0.4318261857215708
231,2025-08-02 12:18:42+00:00,166.53,0.9327728150811984,-0.8471459107380952,-0.28739336262049536,Clouds,2.438277800988099,1.280687120151786,0.9840063418379407,-0.9700519375494677,1.860810025196933,2.678567613775802,0.765860235059082,1.1864020165904223,-1.2542870868340834
232,2025-08-02 15:10:16+00:00,161.93,0.5898870604315315,-0.4902836864803016,-1.3228245542717945,Smoke,2.253411564297051,1.4352942329707643,1.379486412164457,1.3358570323240753,1.853041632365564,2.649995736883443,0.8020846099318562,0.9836357543510168,-0.965608757304526
233,2025-08-02 18:14:27+00:00,161.37,-0.09588444886779986,0.3126563180997341,-1.3228245542717945,Smoke,2.190428745487483,1.3827861569190356,1.77700136836865,1.6959279913421839,1.7156008361182633,2.150828240587526,0.9049359600170538,1.3791953334348657,1.3365555310192403
234,2025-08-02 21:09:47+00:00,157.56,-0.43877020351746554,0.7587340984219761,-1.3228245542717945,Smoke,1.760046150288768,1.0920469950770573,1.5130257978870072,1.3249457911417086,1.6988689130968526,2.0903230895213545,0.8700053128183073,1.7767902074972781,1.696041752697557
235,2025-08-03 01:00:14+00:00,155.02,-0.7816559581671312,0.6695185423575277,-1.3228245542717945,Smoke,1.4737075944045275,-2.301854636636827,1.3272915894020432,-1.5901741447473212,1.5850320796833273,1.6768712239025145,0.6765930255511746,1.5127615664031064,1.3256620091502005
236,2025-08-03 04:05:33+00:00,142.69,0.9327728150811984,-0.4902836864803016,-0.28739336262049536,Smoke,0.8403803608194259,1.7091789506479902,0.16328599522388274,-0.6008882775460535,1.509140857407644,1.4017968797035298,-1.5811773869060677,1.3269900172347078,-1.5847239168616272
237,2025-08-03 06:15:39+00:00,154.81,1.6185443243805298,-1.471654803189234,-0.810135323454161,Smoke,1.4497974502268214,2.5820446840264157,-0.48380771387738897,-1.1900953013938673,1.1407397665969434,0.7933839717603584,1.0871359407759469,0.16275040712182542,-0.5970446007353425
238,2025-08-03 09:11:03+00:00,139.07,-1.8103132221161282,2.1861829954531506,0.7480378290308036,Clouds,0.7546537463286248,2.4365130411423035,-1.1802474055123269,-1.422868446617695,1.5028663862746148,1.3788273316135944,1.6678040451353544,-0.484473396061421,-1.1852947816634973
239,2025-08-03 12:19:10+00:00,126.21,0.24700130578186583,-0.13342146222250795,-0.28739336262049536,Clouds,0.45023678874904566,2.146746251079061,-1.168139834540149,-1.1791840602115005,1.0325798356371108,0.7110297383647358,1.5709900908622856,-1.1810531024748363,-1.417689914869682
240,2025-08-03 15:10:21+00:00,114.37,-0.09588444886779986,0.3126563180997341,-0.28739336262049536,Clouds,0.16972997534717266,1.4122814342073526,-0.4256099777758281,0.3465711651228077,0.6483431748240043,0.41858817487823907,1.3782246674321668,-1.1689430973523827,-1.1744012597944575
241,2025-08-03 18:14:52+00:00,111.46,-0.43877020351746554,0.7587340984219761,-1.3228245542717945,Smoke,0.10091541405523713,1.0959364821920003,-0.092906136775646,0.7993876741910351,0.2945825166570387,0.14911615948167775,0.8896268492077267,-0.4262639596745001,0.3488762148929557
242,2025-08-03 21:10:05+00:00,96.11,-0.7816559581671312,0.6695185423575277,-0.28739336262049536,Smoke,-0.26065261985154303,0.6622586688758724,-0.4156390369752111,0.38112342886696954,0.20763627381363717,0.08300867961308273,0.67918048089923,-0.09349323067934047,0.8009573724581117
243,2025-08-04 00:59:28+00:00,77.9,-0.7816559581671312,0.6695185423575277,-0.28739336262049536,Smoke,-0.7656815188245613,0.4444473904390727,-0.9157631135612646,-0.2626398008926789,-0.2509976875768125,-0.2643357061371626,0.3906792095910656,-0.4162910142795382,0.38337236747824865
244,2025-08-04 04:11:26+00:00,82.9,0.5898870604315315,-1.2040081349958889,1.7834690206821031,Clouds,-0.6268860477442167,1.1367760968989005,-1.0836920706165556,-0.9573221561700396,-0.7950839701123232,-0.7494973804270211,0.24578171009996955,-0.9165156376360236,-0.25934542279510564
245,2025-08-04 06:23:09+00:00,109.17,1.275658569730864,-1.471654803189234,1.7834690206821031,Clouds,0.046680208969220156,1.7801620904956972,-1.151453770343198,-1.2901150122322307,-0.6456918002783004,-0.6161619549293463,0.7063487620538106,-1.0844783557419904,-0.9528996484573127
246,2025-08-04 09:21:45+00:00,104.59,1.9614300790301955,-1.7393014713825794,1.7834690206821031,Clouds,-0.06179020120281381,2.1065548842246513,-1.3677621391402583,-1.4392353083912455,0.139214660029655,0.030907021750545955,1.1343570008779558,-1.1522536785281605,-1.2851520654630297
247,2025-08-04 12:22:03+00:00,102.92,1.9614300790301955,-1.7393014713825794,0.7480378290308036,Clouds,-0.10144605008291224,1.8673514266556661,-1.2295425158990512,-1.160998658240889,0.0023714324616901854,-0.07329629397452757,1.3514876288355953,-1.3686055347494785,-1.4340301976732417
248,2025-08-04 15:12:35+00:00,84.54,0.9327728150811984,-0.8471459107380952,-0.28739336262049536,Clouds,-0.5813984563817508,0.6311427719563294,-0.8002324678561556,-0.111700964536603,-0.047525552262873465,-0.11139212983100606,1.1923591249301952,-1.2303581233305412,-1.1562453900127243
249,2025-08-04 18:16:25+00:00,73.84,0.24700130578186583,-0.13342146222250795,-0.28739336262049536,Smoke,-0.8782341487342524,-0.047896853527443786,-0.7066785896299576,0.024689550242983544,-0.596691168572741,-0.5724637902704445,0.36997956680662314,-0.8009617652280715,-0.10865170360672012
250,2025-08-04 21:11:10+00:00,63.34,-0.09588444886779986,0.3126563180997341,-0.28739336262049536,Smoke,-1.1692380986043869,-0.29487928532631463,-1.0582051249986515,-0.5099612676929958,-0.9163904120175498,-0.857622326313791,-0.08174701270802912,-0.7073890785886068,0.02751731975627867
251,2025-08-05 00:56:16+00:00,64.5,-0.7816559581671312,0.2234407620352857,-1.3228245542717945,Smoke,-1.137163514951366,0.09925540898789434,-1.271003315656719,-0.7991091590257193,-1.2301139686689975,-1.1371785335547142,-0.24605042730953963,-1.0589862861354804,-0.5062652518266767
252,2025-08-05 04:03:26+00:00,72.45,0.5898870604315315,-1.5608703592536826,-0.28739336262049536,Clouds,-0.9167236491178774,0.608778221045408,-1.2098041228855847,-1.0191525228701188,-1.1954549852675045,-1.1063657251413859,0.016145047960062713,-1.271827258518776,-0.7949435813562342
252,2025-08-05 06:19:18+00:00,90.14,1.6185443243805298,-2.096163695640373,-0.28739336262049536,Clouds,-0.4262741063507775,1.0725995595023432,-1.231730018217554,-1.2773852308528029,-0.9579214352314082,-0.8945976964097848,0.35510169855530527,-1.2106157620384737,-1.0146296057152053
253,2025-08-05 09:18:20+00:00,95.12,1.9614300790301955,-2.6314570320270634,0.7480378290308036,Clouds,-0.28806180951866983,1.698158737155652,-1.3722897602180895,-1.4283240672088786,-0.4293719383586357,-0.42344184412598446,0.6636557488108983,-1.2325460654324973,-1.2724429566158166
254,2025-08-05 12:22:24+00:00,92.2,2.304315833679861,-2.5422414759626153,1.7834690206821031,Clouds,-0.36912303002357677,1.3565321188931716,-1.245719858626583,-1.1573615778467665,-0.2805773372039489,-0.29066665150855214,1.0798048172897903,-1.3731340660767828,-1.423136675804202
255,2025-08-05 15:14:25+00:00,83.13,0.5898870604315315,-1.2040081349958889,1.7834690206821031,Clouds,-0.6204711310136126,0.21982950955112274,-0.19744839874129963,0.8230286967528299,-0.3678223643870182,-0.36853902186223597,0.8525399892189344,-1.2465387184101224,-1.1526142160563777
256,2025-08-05 18:17:20+00:00,84.35,-0.09588444886779986,0.7587340984219761,2.3011846165077525,Smoke,-0.5866470246158815,-0.008029610599279417,0.11561879353930003,1.2340187812886505,-0.6388197604659357,-0.6099993932466807,0.09635616374977658,-0.19805651020304896,0.8245600031743647
257,2025-08-05 21:10:35+00:00,74.51,-1.124541712816797,0.6695185423575277,-0.810135323454161,Smoke,-0.8595725727906767,-0.29390691354757886,-0.39615500469645404,0.47386897891708835,-0.6023680710264342,-0.5775058861926254,-0.05522559539046233,0.11507362224897147,1.2348826602415344
258,2025-08-06 00:55:22+00:00,64.42,-1.0593934194333599,0.5803029862930793,2.3011846165077525,Clouds,-1.1394962119443128,-0.21514479946998635,-1.0154216494204935,-0.4317640392193662,-0.8963718612597906,-0.8396948741460364,-0.2454035634725258,-0.3968030648597909,0.4759673033650878
259,2025-08-06 04:00:58+00:00,66.18,-0.09588444886779986,-0.4902836864803016,-0.810135323454161,Clouds,-1.0905095750924265,0.18514824944288252,-1.0942734771804756,-0.9318625934111835,-1.1978452599848488,-1.1086066566623551,-0.19300759267440637,-1.0161942092111793,-0.42819501176522407
259,2025-08-06 06:19:17+00:00,87.51,1.275658569730864,-1.8285170274470277,0.7480378290308036,Clouds,-0.49917088738037024,0.7692195645368007,-1.1487575465552762,-1.233740266123335,-1.1452592162032726,-1.0615470947219994,0.07328468689628376,-1.0950618896305213,-0.9274814307628862
260,2025-08-06 09:18:37+00:00,80.93,2.304315833679861,-2.3638103638337182,-0.28739336262049536,Smoke,-0.6817044270784706,0.6969399289841126,-1.3625223080052402,-1.4155942858294503,-0.5079522196913315,-0.4934709541562758,0.4618342316625859,-1.1495569126815637,-1.228868869139657
261,2025-08-06 12:22:24+00:00,78.4,1.275658569730864,-1.8285170274470277,1.7834690206821031,Clouds,-0.7516853368668795,0.4117108738883035,-1.2079218534487335,-1.1046239121319932,-0.7045523151929054,-0.6688238456721255,0.4137506864445584,-1.363364650179677,-1.4104275669569888
262,2025-08-06 15:13:57+00:00,75.79,-0.09588444886779986,-0.4902836864803016,-0.28739336262049536,Clouds,-0.8239989436482354,0.018872675279075258,-0.3819108035527156,0.43386109458174316,-0.780144753128921,-0.7360517913012052,0.22400396092050412,-1.2087331141833022,-1.0999621936893516
263,2025-08-06 18:16:11+00:00,75.23,-0.43877020351746554,-0.13342146222250795,-0.810135323454161,Smoke,-0.8397446483506275,-0.13346557005618612,-0.14159078139906714,0.6539044584261426,-0.8581274657822808,-0.8055206684512541,-0.03732902923307997,-0.3825560000098454,0.43602438984527503
264,2025-08-06 21:10:36+00:00,69.23,-0.7816559581671312,0.2234407620352857,-0.28739336262049536,Smoke,-1.005949309098099,-0.3470632374517979,-0.33119127305161733,0.5447920466024735,-0.8748593888036914,-0.820646956217797,-0.13867103036524514,-0.14218766304147618,0.6557104142042463
265,2025-08-07 00:55:42+00:00,72.96,-0.7816559581671312,0.2234407620352857,-1.3228245542717945,Smoke,-0.9027274671601957,-0.10332204491537923,-0.35861136025331425,0.49751000147888347,-1.0541299926045187,-0.9803133270868615,-0.28076545322928137,-0.3318262726691459,0.5467751955138472
266,2025-08-07 04:00:53+00:00,75.46,0.24700130578186583,-0.13342146222250795,-0.28739336262049536,Smoke,-0.8333297316200233,0.5682627302647533,-0.6831756577427887,-0.640896161881399,-0.9426834339083381,-0.881152107283969,-0.11861825141781682,-0.3592518725052912,0.4995699340813411
266,2025-08-07 06:18:31+00:00,113.71,0.9327728150811984,-0.8471459107380952,-0.28739336262049536,Smoke,0.15398427064478046,1.3746830587629046,-0.8464752494263644,-1.1009868317378708,-0.8679873489913267,-0.8144843945351314,0.3281490386797294,-0.6838814215861964,-0.6369875142551557
267,2025-08-07 09:17:32+00:00,96.38,1.6185443243805298,-1.471654803189234,0.7480378290308036,Smoke,-0.25307135462446523,1.1886359250981384,-1.2927257224009208,-1.411957205435328,0.2748627502389474,0.13398987171513466,0.8646147808431921,-0.8472138436159309,-1.096331019733005
268,2025-08-07 12:30:27+00:00,98.57,1.6185443243805298,-1.471654803189234,0.7480378290308036,Smoke,-0.19242123280784412,1.2408198772236216,-0.9969041879336333,-0.724549010946212,-0.24293051040577543,-0.2570526786940122,0.7408481666945477,-1.2935540324149433,-1.406796393000642
268,2025-08-07 15:13:26+00:00,105.97,0.9327728150811984,-0.8471459107380952,-0.28739336262049536,Smoke,-0.029132443301556128,1.0635240895674767,-0.30163455567835956,0.43386109458174316,-0.17749674001847351,-0.19878845914880983,0.7755631926142894,-0.99767302490625,-0.7205045152511282
269,2025-08-07 18:16:30+00:00,101.89,0.24700130578186583,0.3126563180997341,-1.8405401500974439,Smoke,-0.1259393685088555,0.8855800540588412,-0.06558779386783287,0.6830011015791211,0.043603671335880334,-0.04192325268095691,0.6576183529987693,-0.3022636131055086,0.43602438984527503
270,2025-08-07 21:09:17+00:00,83.68,0.24700130578186583,0.3126563180997341,-0.810135323454161,Smoke,-0.6053086005594572,0.4755632873586153,-0.563320879547616,0.21199919054028227,-0.07830033924868218,-0.13492191080118407,0.53924227082524,-0.06616939559212319,0.6847598058550194
271,2025-08-08 00:55:24+00:00,74.05,-0.43877020351746554,0.7587340984219761,-1.3228245542717945,Smoke,-0.8724024062518851,0.34267247759806807,-0.9213081775779344,-0.23536169793676157,-0.6223866217841929,-0.59543333836038,0.2664813528844117,-0.5640025473487963,0.21452277850813023
272,2025-08-08 04:00:31+00:00,77.41,0.9327728150811984,-0.8471459107380952,-1.3228245542717945,Smoke,-0.7790945265340063,0.742641402584691,-0.9626163608947765,-0.8172945609963308,-0.910115940884521,-0.8520199975113678,0.17807662849252287,-0.9220618164526097,-0.2321116181225058
272,2025-08-08 06:18:39+00:00,104.18,1.6185443243805298,-1.8285170274470277,-0.28739336262049536,Clear,-0.07170416342283852,1.2615638085033167,-1.0154216494204935,-1.1955509219850509,-0.8097244027560577,-0.7623827366725947,0.44415328678420796,-0.9633783045174521,-0.8130994511379673
273,2025-08-08 09:17:26+00:00,94.72,2.304315833679861,-2.5422414759626153,-0.28739336262049536,Clouds,-0.2991421202351678,1.1724297287858765,-1.2980164256828808,-1.4246869868147563,-0.009878725464699579,-0.0828202529386473,0.7893629544705842,-1.0161942092111793,-1.1907415425980172
274,2025-08-08 12:21:31+00:00,99.52,1.9614300790301955,-2.096163695640373,2.3011846165077525,Clouds,-0.16617839163719056,1.2972174403902927,-1.140160153722091,-1.1319020150879104,-0.2925287107906709,-0.3013110762331563,0.7300671027443173,-1.2988457993592086,-1.4195055018478553
275,2025-08-08 15:12:07+00:00,108.36,0.5898870604315315,-0.8471459107380952,0.7480378290308036,Clouds,0.02743545877740777,1.2635085520607883,-0.0969250363840578,0.8121174555704632,-0.14911222775000912,-0.17357797953790477,0.813081295161091,-1.1409577913971323,-1.1271959983619513
276,2025-08-08 18:13:37+00:00,115.16,-0.09588444886779986,-0.4902836864803016,-0.28739336262049536,Smoke,0.18839155129074842,1.2560537017571478,0.4547325250541647,1.5595374765625973,0.11501312851654323,0.01241933670254913,0.7906566821446119,-0.09751293826200352,0.813666481305325
277,2025-08-08 21:09:47+00:00,113.02,-0.43877020351746554,0.3126563180997341,-0.28739336262049536,Smoke,0.13765539169415203,1.0453731496977432,0.41698539202325713,1.519529592227252,0.3181864794908141,0.16704361164943238,0.7856973927275059,0.4542555304266069,1.5598727293345582
278,2025-08-09 00:50:08+00:00,105.75,-0.43877020351746554,0.3126563180997341,-0.28739336262049536,Smoke,-0.034381011535687005,0.9264196687657409,0.2103936032921042,1.0285237390207405,0.25424663080185234,0.11830335106834972,0.6455435613745112,0.41650080857425076,1.5199298158147456
279,2025-08-09 03:45:04+00:00,94.13,0.24700130578186583,-0.13342146222250795,1.7834690206821031,Smoke,-0.31547099918579663,1.2366062661824337,-0.33805901288877716,-0.48813878532826205,0.03703041586318336,-0.04696534860313808,0.5664105519798203,0.2098674858755743,1.0297213317079497
279,2025-08-09 06:14:48+00:00,139.71,0.9327728150811984,-0.8471459107380952,-0.28739336262049536,Clouds,0.7698162767827801,1.9516236474794277,-0.5865185785531333,-1.0264266836583635,-0.31015698683108567,-0.3169975968799416,0.7727601159872296,-0.33869539322179837,-0.484478208088597
281,2025-08-09 12:18:32+00:00,110.16,-0.43877020351746554,0.3126563180997341,0.7480378290308036,Clouds,0.07000717889868975,1.6456506611039234,-1.017202174563461,-0.9755075581406513,1.0517020333758662,0.7255957932510363,1.248420657471393,-0.5872049101044221,-1.021891953627899
282,2025-08-09 15:09:50+00:00,99.1,-0.43877020351746554,0.7587340984219761,-0.28739336262049536,Clouds,-0.17784187660192557,0.7189803559687891,-0.18452687341805088,0.7248275261115277,0.16879430965679135,0.053316336960239116,1.0448741700910438,-1.0179750923174227,-0.9710555182390459
283,2025-08-09 18:14:06+00:00,107.62,-0.7816559581671312,0.2234407620352857,-0.28739336262049536,Smoke,0.009940231330305263,0.7024500357302818,0.358228062305335,1.274026665623996,-0.16166117001606709,-0.18478263714275156,0.42841293341687187,-0.18513238708916957,0.7265183063530057
284,2025-08-09 21:09:31+00:00,111.27,-1.124541712816797,0.6695185423575277,-0.28739336262049536,Smoke,0.0962500200693433,0.6376252504812342,0.609485596051497,1.6359161648391654,0.09290308738110802,-0.004387649704721038,0.4174162481876368,0.35773166606822476,1.2748255737613474
285,2025-08-10 00:58:14+00:00,109.99,-1.124541712816797,1.6508896590664603,-0.28739336262049536,Smoke,0.06592495916103254,0.6253085412839153,0.43774122797556203,1.1158136684796758,0.20195937135994438,0.07852681657114417,0.37429199238671534,0.6090397135463737,1.6361273824178373
286,2025-08-10 03:59:16+00:00,104.52,-1.124541712816797,1.2048118787442181,0.7480378290308036,Smoke,-0.06353972394752411,0.9030827460760839,-0.08313868456279654,-0.29355498424271853,0.1637149758824345,0.049394706798542784,0.36609838378454035,0.4372608173556001,1.116869506660269
287,2025-08-10 06:15:10+00:00,125.94,0.5898870604315315,-1.2040081349958889,-0.28739336262049536,Smoke,0.44382187201844153,1.485209317612531,-0.39086430141449413,-0.6845411266108665,0.000279942084013646,-0.07497699261525463,0.5508858198914887,-0.08372381478223477,-0.290210401424052
288,2025-08-10 08:06:17+00:00,110.48,1.275658569730864,-1.471654803189234,-0.28739336262049536,Smoke,0.07758844412576754,1.430432374077086,-0.9939536034110017,-1.231921725926274,0.6402759976529672,0.41242561319557347,0.9381416369837634,-0.3915112979155255,-0.6805616017313151
288,2025-08-10 09:10:48+00:00,114.32,1.6185443243805298,-1.8285170274470277,-0.810135323454161,Smoke,0.168563626850699,1.4706237409314953,-1.069956590942236,-1.3283043563705152,0.17835540852616902,0.06059936440338956,0.9017016408319848,-0.9947218471873326,-1.2270532821614837
289,2025-08-10 12:18:55+00:00,101.64,1.9614300790301955,-2.096163695640373,1.7834690206821031,Smoke,-0.131771110991223,1.127052379111543,-1.1323767152399766,-1.139176175876155,0.29308859495869816,0.14799569372119292,0.928438679428556,-1.0707401146366855,-1.3232793920046695
290,2025-08-10 15:09:52+00:00,107.89,0.24700130578186583,-0.4902836864803016,-1.3228245542717945,Smoke,0.016355148060909392,1.2122969717140408,-0.1539018409590128,0.8284843173440135,-0.08576994774038332,-0.14052423960360744,0.6998801236836721,-1.1331727881041262,-1.1344583462746445
291,2025-08-10 18:13:34+00:00,110.06,-0.09588444886779986,-0.13342146222250795,0.7480378290308036,Smoke,0.06767448190574282,1.0868610122571336,0.23455787308951803,1.3249457911417086,0.10097026455214513,0.0017749119779445705,0.756588520061884,-0.15450119766178647,0.8300067641088849
292,2025-08-10 21:09:22+00:00,102.21,-0.43877020351746554,0.7587340984219761,-0.810135323454161,Smoke,-0.1183581032817777,0.855112404991789,-0.06813140121492905,1.037616440006046,0.16580646626011106,0.05107540543926984,0.673143085087101,0.23403661374601784,1.3256620091502005
293,2025-08-11 00:56:17+00:00,98.17,-0.7816559581671312,0.2234407620352857,-0.28739336262049536,Smoke,-0.20350154352434208,0.9993475521709194,-0.34594419566477547,0.6157151142878585,-0.06873924037930494,-0.1276388833580336,0.518973870598807,-0.06871351431532778,1.0387992665988162
294,2025-08-11 04:00:37+00:00,92.18,0.5898870604315315,-0.13342146222250795,0.08455764797268991,Smoke,-0.3697062042718136,1.3963993618213355,-0.657637839977943,-0.4699533833576504,-0.1894481136051951,-0.209432883873414,0.614925339755857,-0.34658216126373265,0.6175830876626067
295,2025-08-11 06:18:18+00:00,112.94,1.9614300790301955,-2.096163695640373,-0.28739336262049536,Smoke,0.13590586894944173,1.621665490561776,-0.9014171681236421,-1.0773458091760757,-0.3684199330663542,-0.3690992547424784,0.8790614065365008,-0.6583384696052224,-0.4663223383068637
296,2025-08-11 09:16:54+00:00,94.81,2.304315833679861,-2.5422414759626153,-0.28739336262049536,Clouds,-0.29680942324222087,1.2077592367466075,-1.3428856592856575,-1.3937718034647166,0.251856356084508,0.11662265242762267,1.0289181954447029,-0.9021668080371498,-1.0727283890167516
297,2025-08-11 12:21:17+00:00,91.76,2.304315833679861,-2.5422414759626153,-0.28739336262049536,Clouds,-0.3813696892365484,1.1195975288079028,-1.2411413654018097,-1.042793545431914,-0.2898396517336584,-0.299070144712187,0.7535698221558196,-1.3437240536365376,-1.388640523218909
297,2025-08-11 16:03:48+00:00,85.89,0.9327728150811984,-1.5608703592536826,1.7834690206821031,Smoke,-0.5440753044945993,0.7530133682245389,-0.7303850101048942,0.15744298462844752,-0.38096887533241214,-0.38030391234732497,0.6949208342665664,-1.2419593047083541,-1.0382322364314587
298,2025-08-11 18:15:39+00:00,83.39,0.5898870604315315,-1.2040081349958889,0.7480378290308036,Smoke,-0.6134730400347717,0.5987303793318056,-0.6734082055299392,0.3392970043345629,-0.556355282717555,-0.5366088859349353,0.45105316771235554,-0.7311002650888736,0.16005516916293058
299,2025-08-11 21:10:40+00:00,77.06,-0.09588444886779986,-0.4902836864803016,-0.28739336262049536,Smoke,-0.7890084887540311,0.32452153772833464,-0.8666206196153662,0.14835028364314196,-0.6310513676345664,-0.6032765986837727,0.3484174389061624,-0.6741120056890907,0.3416138669802623
300,2025-08-12 00:50:31+00:00,73.67,-0.43877020351746554,0.7587340984219761,-0.28739336262049536,Clouds,-0.8828995427201465,0.3582304260578391,-1.1148258245450129,-0.4644977627664669,-0.8201818546444392,-0.7719066956367144,0.1660018368682648,-0.867363263903711,0.1509772342720642
301,2025-08-12 03:43:23+00:00,78.86,-0.43877020351746554,1.2048118787442181,0.7480378290308036,Clouds,-0.7388555034056711,0.7594958467494437,-1.1605090124988604,-0.9500479953817952,-0.9214697457919065,-0.8621041893557297,0.1884264498847438,-1.1156183689140147,-0.46087557737234375
302,2025-08-12 06:16:45+00:00,96.13,-0.09588444886779986,0.7587340984219761,1.7834690206821031,Smoke,-0.26006944560330597,1.1319142380052216,-1.1878273554066736,-1.25738128868513,-0.766400673504191,-0.7237266679358738,0.45536559329244775,-1.1613107411827688,-0.9456373005446196
303,2025-08-12 09:13:09+00:00,102.45,-0.09588444886779986,0.7587340984219761,-0.28739336262049536,Smoke,-0.11252636079941021,1.0619034699362504,-1.1945933509499496,-1.2864779318381085,-0.25040011889747654,-0.26377547325692,0.7031144428687414,-1.1886345762699861,-1.25247149985591
304,2025-08-12 12:19:59+00:00,90.33,-0.09588444886779986,0.7587340984219761,-1.3228245542717945,Smoke,-0.42102553811664684,0.7154149927800915,-1.1766354830794503,-0.9882373395200792,-0.06156841622727157,-0.12203655455561023,0.6565402466037463,-1.1954019320737101,-1.2815208915066831
304,2025-08-12 15:11:29+00:00,119.64,-0.43877020351746554,0.7587340984219761,-0.28739336262049536,Smoke,0.29452926446983546,0.9205854380933268,0.3686059802814876,1.690472370751,-0.4236950359049429,-0.4183997482038035,0.4260410993478212,-1.1774404538878858,-0.983764627086259
305,2025-08-12 18:15:48+00:00,132.12,-0.43877020351746554,0.7587340984219761,-1.3228245542717945,Smoke,0.5901986083258636,0.909889348527234,1.118207065470736,2.4360738515460736,0.4520418636620986,0.26900599585353663,0.5625293689577375,0.3681116704588996,1.690594991763037
306,2025-08-12 21:10:15+00:00,122.62,-0.7816559581671312,1.2048118787442181,-1.3228245542717945,Smoke,0.3650933485064813,0.5987303793318056,0.9916371638792292,2.1269220180456774,0.8249247195678195,0.5530440661363984,0.5554138667505856,1.1178634581872906,2.434985652814097
307,2025-08-13 00:51:42+00:00,123.83,-0.7816559581671312,0.6695185423575277,-0.810135323454161,Smoke,0.39366888667008176,0.5624284995923392,1.1654672899797835,1.2285631606974672,0.5410795968831763,0.33679417436285874,0.3484174389061624,0.9912681105206306,2.1263358665246335
308,2025-08-13 03:45:15+00:00,96.19,-0.43877020351746554,0.7587340984219761,-1.3228245542717945,Smoke,-0.2583199228585957,0.8933590282887268,0.10508825912232182,-0.13534198709839815,0.5772325019830096,0.36424558549473307,0.3242678556576466,1.1651331840644323,1.2294358993070145
309,2025-08-13 06:16:26+00:00,127.42,0.9327728150811984,-0.8471459107380952,-1.3228245542717945,Smoke,0.4788123269126457,1.5526270942715403,-0.5526377286898122,-0.87912492769641,-0.24860741285946822,-0.26209477461619296,0.5444171815213504,0.10454097073490452,-0.13225433432297337
310,2025-08-13 09:13:57+00:00,87.87,1.9614300790301955,-2.096163695640373,-0.28739336262049536,Smoke,-0.48925692516034575,0.6849473437130391,-1.2889611835272183,-1.293752092626353,0.6844960799238381,0.446039586010113,0.9829908630167217,-0.5533172487113373,-0.8748294083958601
311,2025-08-13 12:20:05+00:00,84.14,1.6185443243805298,-1.8285170274470277,0.7480378290308036,Smoke,-0.592478767098249,0.510244547466856,-1.1912866613987245,-0.9500479953817952,-0.49719598346328187,-0.4839469951921563,0.40577269912138814,-1.2897887367046004,-1.2887832394193766
312,2025-08-13 15:09:28+00:00,84.73,0.5898870604315315,-0.8471459107380952,-0.28739336262049536,Smoke,-0.5761498881476201,0.2742823291603229,-0.2595124180104467,0.8630365810881754,-0.608642542159463,-0.5831082149950488,0.28955282973790486,-1.1920945777335443,-0.9456373005446196
313,2025-08-13 18:15:22+00:00,90.64,0.24700130578186583,-0.13342146222250795,-1.3228245542717945,Smoke,-0.4122779243930958,0.14528100651471815,0.3700304003958613,1.686835290356878,-0.5910142661190482,-0.5674216943482635,0.13258053862255076,-0.2601330070492408,0.8645029166941778
314,2025-08-13 21:10:06+00:00,87.53,-0.09588444886779986,0.3126563180997341,-0.28739336262049536,Smoke,-0.4985877131321336,-0.0239116829852959,0.12289351055199518,1.3704092960682375,-0.4144327213752334,-0.40999625500016856,0.04676326957871698,0.369536376943894,1.6869638178066904
315,2025-08-14 00:51:53+00:00,83.18,-0.09588444886779986,0.3126563180997341,-0.28739336262049536,Smoke,-0.6193047825171392,0.218857137772387,-0.46676554465184467,0.719371905520344,-0.5073546510119955,-0.4929107212760336,-0.06579103806168798,0.12234980179733662,1.3710516836045334
316,2025-08-14 03:45:58+00:00,81.43,-0.7816559581671312,1.6508896590664603,0.7480378290308036,Clouds,-0.6677082451207886,0.41754510456071803,-0.4237277083389769,0.36111948669929694,-0.6373258387675952,-0.6088789274861961,0.09570929991276274,-0.4674278006159504,0.7210715454184856
317,2025-08-14 06:16:24+00:00,81.81,-1.124541712816797,1.6508896590664603,0.7480378290308036,Clouds,-0.6572111086525273,0.5471946750588131,-0.5006972666621077,0.013778309060616532,-0.6896130982095031,-0.6553782565463095,0.2278851439425872,-0.42438131181932864,0.3634009107183423
318,2025-08-14 09:14:15+00:00,75.96,-1.124541712816797,1.6508896590664603,-0.810135323454161,Clouds,-0.8193335496623416,0.18838948870533473,-1.1994262049094324,-1.008241281687752,-0.6782592933021175,-0.6452940647019475,0.31413365554443007,-0.5013663443834994,0.016623797887238678
319,2025-08-14 12:20:42+00:00,74.55,-0.7816559581671312,1.2048118787442181,1.7834690206821031,Smoke,-0.8584062242942032,-0.24172296142209562,-1.070516184558597,-0.5699730941960138,-0.8530481320079244,-0.8010388054093156,0.07544089968632971,-1.200235757647799,-1.0037360838461655
320,2025-08-14 15:11:35+00:00,84.25,-0.7816559581671312,0.6695185423575277,-0.28739336262049536,Smoke,-0.5895628958570652,-0.8889984421338355,-0.5084807051442222,0.5102397828583116,-0.8951767239011187,-0.8385744083855518,-0.21068853755278402,-1.0712998207557907,-0.5661796221063962
322,2025-08-14 21:10:10+00:00,105.11,-1.124541712816797,0.6695185423575277,-0.28739336262049536,Smoke,-0.04954354198984218,-0.9194660912008878,-0.23316064589453012,0.41931277300525394,-0.6053559144231145,-0.5803070505938371,-0.6412842317249848,-0.5091513476765056,0.5122790429285543
322,2025-08-15 00:52:08+00:00,110.43,-1.124541712816797,0.6695185423575277,-0.28739336262049536,Smoke,0.07642209562929388,-0.8552895538043308,0.06973211699768478,0.5138768632524339,0.017908218124428433,-0.06153140348943858,-0.6615526319514179,-0.23377593707684124,0.42149969401988846
323,2025-08-15 03:47:00+00:00,118.14,-0.7816559581671312,0.2234407620352857,-1.3228245542717945,Smoke,0.25895563532739424,-0.6530362238273024,0.3036931207835928,0.1137980198989798,0.17686148682782887,0.059478898642904725,-0.6188596187085057,0.06917772048236084,0.5159102168849009
324,2025-08-15 06:16:46+00:00,143.6,-0.09588444886779986,-0.4902836864803016,-0.810135323454161,Smoke,0.8619578080041852,-0.23588873074968159,0.2494125399965599,-0.14807176847782627,0.4072242127118918,0.23483179015875447,-0.48431194060963073,0.3031857606427186,0.11648108168677093
325,2025-08-15 09:11:28+00:00,85.8,0.5898870604315315,-0.8471459107380952,-0.28739336262049536,Smoke,-0.5464080014875464,-0.8653373955179331,-1.048539417079686,-1.186458220999745,1.1679291415067354,0.8141125883293245,-0.20680735453070126,0.24889426708953272,-0.14496344317018667
326,2025-08-15 12:19:29+00:00,94.74,0.24700130578186583,-0.4902836864803016,-1.3228245542717945,Smoke,-0.29855894598693117,-0.7904647685552834,-0.44799372243027474,-0.08987848217186929,-0.5590443417745675,-0.5388498174559048,-0.6255438783576484,-1.0493186349873032,-1.1816636077071505
